tea_cdn,isd_name,county,category,reason,seated,board_size,seat_structure,jurisdiction_id,website,board_page_result_url,board_page_result_title,board_page_domain_match,Seat mapping
22901,Alpine ISD Board of Trustees,Brewster County,smd_or_hybrid_no_seat_mapping (pure_smd),"board_size=7, at_large=0, smd_seats=7 (districts [1, 2, 3, 4, 5, 6, 7]) -- directory has no per-person seat number to map named trustees to numbered posts",0,7,Single-Member District,ocd-jurisdiction/country:us/state:tx/school_district:alpine/school,http://www.alpine.esc18.net/,https://alpine.esc18.net/meet-the-board,Meet the Board — Alpine Independent School District,Yes,
227901,Austin ISD Board of Trustees,Travis County,smd_or_hybrid_no_seat_mapping (hybrid),"board_size=9, at_large=2, smd_seats=7 (districts [1, 2, 3, 4, 5, 6, 7]) -- directory has no per-person seat number to map named trustees to numbered posts",0,9,Hybrid (at-large + SMD),ocd-jurisdiction/country:us/state:tx/school_district:austin/school,http://www.austinisd.org,https://www.austinisd.org/board,Board of Trustees,Yes,
200901,Ballinger ISD Board of Trustees,Runnels County,smd_or_hybrid_no_seat_mapping (pure_smd),"board_size=7, at_large=0, smd_seats=7 (districts [1, 2, 3, 4, 5, 6, 7]) -- directory has no per-person seat number to map named trustees to numbered posts",0,7,Single-Member District,ocd-jurisdiction/country:us/state:tx/school_district:ballinger/school,http://www.ballingerisd.net,https://www.ballingerisd.net/,Ballinger ISD,Yes,
123910,Beaumont ISD Board of Trustees,Jefferson County,smd_or_hybrid_no_seat_mapping (hybrid),"board_size=7, at_large=2, smd_seats=5 (districts [1, 2, 3, 4, 5]) -- directory has no per-person seat number to map named trustees to numbered posts",0,7,Hybrid (at-large + SMD),ocd-jurisdiction/country:us/state:tx/school_district:beaumont/school,http://www.bmtisd.com/,https://www.bmtisd.com/about-bisd/board/board,https://www.bmtisd.com/about-bisd/board/board,Yes,
14903,Belton ISD Board of Trustees,Bell County,smd_or_hybrid_no_seat_mapping (hybrid),"board_size=7, at_large=2, smd_seats=5 (districts [1, 2, 3, 4, 5]) -- directory has no per-person seat number to map named trustees to numbered posts",0,7,Hybrid (at-large + SMD),ocd-jurisdiction/country:us/state:tx/school_district:belton/school,http://www.bisd.net,https://www.bisd.net/about-us/board-of-trustees,Board of Trustees,Yes,
114901,Big Spring ISD Board of Trustees,Howard County,smd_or_hybrid_no_seat_mapping (pure_smd),"board_size=7, at_large=0, smd_seats=7 (districts [1, 2, 3, 4, 5, 6, 7]) -- directory has no per-person seat number to map named trustees to numbered posts",0,7,Single-Member District,ocd-jurisdiction/country:us/state:tx/school_district:big-spring/school,http://www.bsisd.esc18.net,https://www.bsisd.esc18.net/about-bsisd/board-of-trustees,Board of Trustees - Big Spring Independent School District,Yes,
160901,Brady ISD Board of Trustees,Mcculloch County,smd_or_hybrid_no_seat_mapping (pure_smd),"board_size=7, at_large=0, smd_seats=7 (districts [1, 2, 3, 4, 5, 6, 7]) -- directory has no per-person seat number to map named trustees to numbered posts",0,7,Single-Member District,ocd-jurisdiction/country:us/state:tx/school_district:brady/school,http://www.bradyisd.org,https://www.bradyisd.org/school-board,Brady ISD - School Board,Yes,
20905,Brazosport ISD Board of Trustees,Brazoria County,smd_or_hybrid_no_seat_mapping (pure_smd),"board_size=7, at_large=0, smd_seats=7 (districts [1, 2, 3, 4, 5, 6, 7]) -- directory has no per-person seat number to map named trustees to numbered posts",0,7,Single-Member District,ocd-jurisdiction/country:us/state:tx/school_district:brazosport/school,http://www.brazosportisd.net,https://www.brazosportisd.net/district/board_of_trustees,Board of Trustees - Brazosport Independent School District,Yes,https://www.brazosportisd.net/district/board_of_trustees/election_information
24901,Brooks County ISD Board of Trustees,Brooks County,smd_or_hybrid_no_seat_mapping (hybrid),"board_size=7, at_large=3, smd_seats=4 (districts [1, 2, 3, 4]) -- directory has no per-person seat number to map named trustees to numbered posts",0,7,Hybrid (at-large + SMD),ocd-jurisdiction/country:us/state:tx/school_district:brooks-county/school,http://www.bcisd.us,https://www.bcisd.us/board,Board - Brooks County Independent School ...,Yes,
25902,Brownwood ISD Board of Trustees,Brown County,smd_or_hybrid_no_seat_mapping (pure_smd),"board_size=7, at_large=0, smd_seats=7 (districts [1, 2, 3, 4, 5, 6, 7]) -- directory has no per-person seat number to map named trustees to numbered posts",0,7,Single-Member District,ocd-jurisdiction/country:us/state:tx/school_district:brownwood/school,http://www.brownwoodisd.org,https://www.brownwoodisd.org/members,BROWNWOOD ISD - Members,Yes,
21902,Bryan ISD Board of Trustees,Brazos County,smd_or_hybrid_no_seat_mapping (hybrid),"board_size=7, at_large=2, smd_seats=5 (districts [1, 2, 3, 4, 5]) -- directory has no per-person seat number to map named trustees to numbered posts",0,7,Hybrid (at-large + SMD),ocd-jurisdiction/country:us/state:tx/school_district:bryan/school,http://www.bryanisd.org,https://www.bryanisd.org/page/board-of-trustees,Board of Trustees,Yes,
29901,Calhoun County ISD Board of Trustees,Calhoun County,smd_or_hybrid_no_seat_mapping (hybrid),"board_size=7, at_large=1, smd_seats=6 (districts [1, 2, 3, 4, 5, 6]) -- directory has no per-person seat number to map named trustees to numbered posts",0,7,Hybrid (at-large + SMD),ocd-jurisdiction/country:us/state:tx/school_district:calhoun-county/school,http://www.calcoisd.org,https://www.calcoisd.org/246919_2,Calhoun County ISD - Board Home,Yes,
183902,Carthage ISD Board of Trustees,Panola County,smd_or_hybrid_no_seat_mapping (hybrid),"board_size=7, at_large=2, smd_seats=5 (districts [1, 2, 3, 4, 5]) -- directory has no per-person seat number to map named trustees to numbered posts",0,7,Hybrid (at-large + SMD),ocd-jurisdiction/country:us/state:tx/school_district:carthage/school,http://www.carthageisd.org,https://www.carthageisd.org/page/school-board,School Board | Carthage ISD,Yes,
84910,Clear Creek ISD Board of Trustees,Galveston County,smd_or_hybrid_no_seat_mapping (hybrid),"board_size=7, at_large=2, smd_seats=5 (districts [1, 2, 3, 4, 5]) -- directory has no per-person seat number to map named trustees to numbered posts",0,7,Hybrid (at-large + SMD),ocd-jurisdiction/country:us/state:tx/school_district:clear-creek/school,http://www.ccisd.net,https://www.ccisd.net/boardoftrustees,Board of Trustees - Clear Creek Independent School District,Yes,
71901,Clint ISD Board of Trustees,El Paso County,smd_or_hybrid_no_seat_mapping (hybrid),"board_size=7, at_large=2, smd_seats=5 (districts [1, 2, 3, 4, 5]) -- directory has no per-person seat number to map named trustees to numbered posts",0,7,Hybrid (at-large + SMD),ocd-jurisdiction/country:us/state:tx/school_district:clint/school,http://www.clintweb.net,https://www.clintweb.net/board-of-trustees/clint-isd-board-of-trustees,Clint ISD Board of Trustees,Yes,
168901,Colorado ISD Board of Trustees,Mitchell County,smd_or_hybrid_no_seat_mapping (pure_smd),"board_size=7, at_large=0, smd_seats=7 (districts [1, 2, 3, 4, 5, 6, 7]) -- directory has no per-person seat number to map named trustees to numbered posts",0,7,Single-Member District,ocd-jurisdiction/country:us/state:tx/school_district:colorado/school,http://www.ccity.esc14.net/,https://www.ccity.esc14.net/page/board-roster,Board Roster | Colorado ISD,Yes,
46902,Comal ISD Board of Trustees,Comal County,smd_or_hybrid_no_seat_mapping (pure_smd),"board_size=7, at_large=0, smd_seats=7 (districts [1, 2, 3, 4, 5, 6, 7]) -- directory has no per-person seat number to map named trustees to numbered posts",0,7,Single-Member District,ocd-jurisdiction/country:us/state:tx/school_district:comal/school,http://www.comalisd.org,https://www.comalisd.org/apps/pages/board-of-trustees,Board of Trustees,Yes,
130902,Comfort ISD Board of Trustees,Kendall County,smd_or_hybrid_no_seat_mapping (pure_smd),"board_size=7, at_large=0, smd_seats=7 (districts [1, 2, 3, 4, 5, 6, 7]) -- directory has no per-person seat number to map named trustees to numbered posts",0,7,Single-Member District,ocd-jurisdiction/country:us/state:tx/school_district:comfort/school,http://www.comfort.txed.net,https://comfortisd.net/33402_3,Trustee Profiles,No,
178904,Corpus Christi ISD Board of Trustees,Nueces County,smd_or_hybrid_no_seat_mapping (hybrid),"board_size=7, at_large=3, smd_seats=4 (districts [1, 2, 3, 4]) -- directory has no per-person seat number to map named trustees to numbered posts",0,7,Hybrid (at-large + SMD),ocd-jurisdiction/country:us/state:tx/school_district:corpus-christi/school,http://www.ccisd.us,https://www.ccisd.us/page/board-meetings,Board Meetings,Yes,
52901,Crane ISD Board of Trustees,Crane County,smd_or_hybrid_no_seat_mapping (hybrid),"board_size=7, at_large=2, smd_seats=5 (districts [1, 2, 3, 4, 5]) -- directory has no per-person seat number to map named trustees to numbered posts",0,7,Hybrid (at-large + SMD),ocd-jurisdiction/country:us/state:tx/school_district:crane/school,http://www.craneisd.com,https://www.craneisd.com/page/school-board,School Board,Yes,https://www.craneisd.com/page/school-board
113901,Crockett ISD Board of Trustees,Houston County,smd_or_hybrid_no_seat_mapping (pure_smd),"board_size=7, at_large=0, smd_seats=7 (districts [1, 2, 3, 4, 5, 6, 7]) -- directory has no per-person seat number to map named trustees to numbered posts",0,7,Single-Member District,ocd-jurisdiction/country:us/state:tx/school_district:crockett/school,http://www.crockettisd.net,https://www.crockettisd.net/page/school-board,Crockett ISD School Board,Yes,
101906,Crosby ISD Board of Trustees,Harris County,smd_or_hybrid_no_seat_mapping (hybrid),"board_size=7, at_large=1, smd_seats=6 (districts [1, 2, 3, 4, 5, 7]) -- directory has no per-person seat number to map named trustees to numbered posts",0,7,Hybrid (at-large + SMD),ocd-jurisdiction/country:us/state:tx/school_district:crosby/school,http://www.crosbyisd.org,https://www.crosbyisd.org/,Crosby Independent School District: Home,Yes,
54901,Crosbyton CISD Board of Trustees,Crosby County,smd_or_hybrid_no_seat_mapping (hybrid),"board_size=7, at_large=2, smd_seats=5 (districts [1, 2, 3, 4, 5]) -- directory has no per-person seat number to map named trustees to numbered posts",0,7,Hybrid (at-large + SMD),ocd-jurisdiction/country:us/state:tx/school_district:crosbyton/school,http://www.crosbyton.k12.tx.us,https://www.crosbyton.k12.tx.us/,Crosbyton CISD,Yes,
62901,Cuero ISD Board of Trustees,Dewitt County,smd_or_hybrid_no_seat_mapping (hybrid),"board_size=7, at_large=2, smd_seats=5 (districts [1, 2, 3, 4, 5]) -- directory has no per-person seat number to map named trustees to numbered posts",0,7,Hybrid (at-large + SMD),ocd-jurisdiction/country:us/state:tx/school_district:cuero/school,http://www.cueroisd.org/,https://www.cueroisd.org/district-36/board-of-trustees,Board of Trustees,Yes,
163902,D'Hanis ISD Board of Trustees,Medina County,smd_or_hybrid_no_seat_mapping (pure_smd),"board_size=7, at_large=0, smd_seats=7 (districts [1, 2, 3, 4, 5, 6, 7]) -- directory has no per-person seat number to map named trustees to numbered posts",0,7,Single-Member District,ocd-jurisdiction/country:us/state:tx/school_district:d-hanis/school,http://www.dhanisisd.net/,https://www.dhanisisd.net/district-information,D'Hanis Pride - District Information,Yes,
172902,Daingerfield-Lone Star ISD Board of Trustees,Morris County,smd_or_hybrid_no_seat_mapping (hybrid),"board_size=7, at_large=2, smd_seats=5 (districts [1, 2, 3, 4, 5]) -- directory has no per-person seat number to map named trustees to numbered posts",0,7,Hybrid (at-large + SMD),ocd-jurisdiction/country:us/state:tx/school_district:daingerfield-lone-star/school,http://dlsisd.org,https://www.dlsisd.org/page/school-board,School Board,Yes,
57905,Dallas ISD Board of Trustees,Dallas County,smd_or_hybrid_no_seat_mapping (pure_smd),"board_size=9, at_large=0, smd_seats=9 (districts [1, 2, 3, 4, 5, 6, 7, 8, 9]) -- directory has no per-person seat number to map named trustees to numbered posts",0,9,Single-Member District,ocd-jurisdiction/country:us/state:tx/school_district:dallas/school,http://www.dallasisd.org,https://www.dallasisd.org/board-of-trustees/board-members,Board Members - Dallas Independent School ...,Yes,
19901,Dekalb ISD Board of Trustees,Bowie County,smd_or_hybrid_no_seat_mapping (pure_smd),"board_size=7, at_large=0, smd_seats=7 (districts [1, 2, 3, 4, 5, 6, 7]) -- directory has no per-person seat number to map named trustees to numbered posts",0,7,Single-Member District,ocd-jurisdiction/country:us/state:tx/school_district:dekalb/school,http://www.dekalbisd.net,https://www.dekalbisd.net/41540_3,Board Members,Yes,
227910,Del Valle ISD Board of Trustees,Travis County,smd_or_hybrid_no_seat_mapping (pure_smd),"board_size=9, at_large=0, smd_seats=9 (districts [1, 2, 3, 4, 5, 6, 7, 8, 9]) -- directory has no per-person seat number to map named trustees to numbered posts",0,9,Single-Member District,ocd-jurisdiction/country:us/state:tx/school_district:del-valle/school,http://www.dvisd.net,https://www.dvisd.net/about-us/board-of-trustees,Board of Trustees,Yes,
91903,Denison ISD Board of Trustees,Grayson County,smd_or_hybrid_no_seat_mapping (pure_smd),"board_size=7, at_large=0, smd_seats=7 (districts [1, 2, 3, 4, 5, 6, 7]) -- directory has no per-person seat number to map named trustees to numbered posts",0,7,Single-Member District,ocd-jurisdiction/country:us/state:tx/school_district:denison/school,http://www.denisonisd.net/,https://www.denisonisd.net/board-of-trustees,Board of Trustees - Denison Independent School ...,Yes,
163901,Devine ISD Board of Trustees,Medina County,smd_or_hybrid_no_seat_mapping (hybrid),"board_size=7, at_large=2, smd_seats=5 (districts [1, 2, 3, 4, 5]) -- directory has no per-person seat number to map named trustees to numbered posts",0,7,Hybrid (at-large + SMD),ocd-jurisdiction/country:us/state:tx/school_district:devine/school,http://www.devineisd.org,https://devineisd.org/school-board/index,School Board,Yes,https://www.devineisd.org/school-board/may-3-2025-election
84901,Dickinson ISD Board of Trustees,Galveston County,smd_or_hybrid_no_seat_mapping (pure_smd),"board_size=7, at_large=0, smd_seats=7 (districts [1, 2, 3, 4, 5, 6, 7]) -- directory has no per-person seat number to map named trustees to numbered posts",0,7,Single-Member District,ocd-jurisdiction/country:us/state:tx/school_district:dickinson/school,http://www.dickinsonisd.org,https://www.dickinsonisd.org/page/board.home,Board of Trustees,Yes,
35901,Dimmitt ISD Board of Trustees,Castro County,smd_or_hybrid_no_seat_mapping (pure_smd),"board_size=7, at_large=0, smd_seats=7 (districts [1, 2, 3, 4, 5, 6, 7]) -- directory has no per-person seat number to map named trustees to numbered posts",0,7,Single-Member District,ocd-jurisdiction/country:us/state:tx/school_district:dimmitt/school,http://www.dimmittisd.net,https://www.dimmittisd.net/,Dimmitt ISD,Yes,
178905,Driscoll ISD Board of Trustees,Nueces County,smd_or_hybrid_no_seat_mapping (pure_smd),"board_size=7, at_large=0, smd_seats=7 (districts [1, 2, 3, 4, 5, 6, 7]) -- directory has no per-person seat number to map named trustees to numbered posts",0,7,Single-Member District,ocd-jurisdiction/country:us/state:tx/school_district:driscoll/school,http://www.driscollisd.us,https://www.driscollisd.us/district1/school-board,School Board,Yes,
15911,East Central ISD Board of Trustees,Bexar County,smd_or_hybrid_no_seat_mapping (pure_smd),"board_size=7, at_large=0, smd_seats=7 (districts [1, 2, 3, 4, 5, 6, 7]) -- directory has no per-person seat number to map named trustees to numbered posts",0,7,Single-Member District,ocd-jurisdiction/country:us/state:tx/school_district:east-central/school,http://www.ecisd.net,https://www.ecisd.net/board/board-of-trustees,Board of Trustees: Members and Bios,Yes,
68901,Ector County ISD Board of Trustees,Ector County,smd_or_hybrid_no_seat_mapping (pure_smd),"board_size=7, at_large=0, smd_seats=7 (districts [1, 2, 3, 4, 5, 6, 7]) -- directory has no per-person seat number to map named trustees to numbered posts",0,7,Single-Member District,ocd-jurisdiction/country:us/state:tx/school_district:ector-county/school,http://www.ectorcountyisd.org,https://www.ectorcountyisd.org/our-district/board-of-trustees/members,Members,Yes,
120901,Edna ISD Board of Trustees,Jackson County,smd_or_hybrid_no_seat_mapping (pure_smd),"board_size=7, at_large=0, smd_seats=7 (districts [1, 2, 3, 4, 5, 6, 7]) -- directory has no per-person seat number to map named trustees to numbered posts",0,7,Single-Member District,ocd-jurisdiction/country:us/state:tx/school_district:edna/school,http://www.ednaisd.org,https://www.ednaisd.org/page/school-board-members,School Board Members,Yes,
71902,El Paso ISD Board of Trustees,El Paso County,smd_or_hybrid_no_seat_mapping (pure_smd),"board_size=7, at_large=0, smd_seats=7 (districts [1, 2, 3, 4, 5, 6, 7]) -- directory has no per-person seat number to map named trustees to numbered posts",0,7,Single-Member District,ocd-jurisdiction/country:us/state:tx/school_district:el-paso/school,http://www.episd.org,https://www.episd.org/page/about-the-board,El Paso ISD About the Board,Yes,
11902,Elgin ISD Board of Trustees,Bastrop County,smd_or_hybrid_no_seat_mapping (pure_smd),"board_size=7, at_large=0, smd_seats=7 (districts [1, 2, 3, 4, 5, 6, 7]) -- directory has no per-person seat number to map named trustees to numbered posts",0,7,Single-Member District,ocd-jurisdiction/country:us/state:tx/school_district:elgin/school,http://www.elginisd.net,https://www.elginisd.net/departments/school-board/board-of-trustees,Board of Trustees - Elgin Independent School ...,Yes,
220904,Everman ISD Board of Trustees,Tarrant County,smd_or_hybrid_no_seat_mapping (hybrid),"board_size=7, at_large=2, smd_seats=5 (districts [1, 2, 3, 4, 5]) -- directory has no per-person seat number to map named trustees to numbered posts",0,7,Hybrid (at-large + SMD),ocd-jurisdiction/country:us/state:tx/school_district:everman/school,http://www.eisd.org,https://www.eisd.org/page/board-of-trustees,Board of Trustees,Yes,
247901,Floresville ISD Board of Trustees,Wilson County,smd_or_hybrid_no_seat_mapping (pure_smd),"board_size=7, at_large=0, smd_seats=7 (districts [1, 2, 3, 4, 5, 6, 7]) -- directory has no per-person seat number to map named trustees to numbered posts",0,7,Single-Member District,ocd-jurisdiction/country:us/state:tx/school_district:floresville/school,http://www.fisd.us,https://www.fisd.us/page/fisd-board-members,Floresville ISD Board of Trustees,Yes,
77901,Floydada Collegiate ISD Board of Trustees,Floyd County,smd_or_hybrid_no_seat_mapping (hybrid),"board_size=7, at_large=2, smd_seats=5 (districts [1, 2, 3, 4, 5]) -- directory has no per-person seat number to map named trustees to numbered posts",0,7,Hybrid (at-large + SMD),ocd-jurisdiction/country:us/state:tx/school_district:floydada-collegiate/school,http://www.floydadaisd.esc17.net,https://www.floydadaisd.esc17.net/o/district/page/board-of-trustees-term-information,Board of Trustees Term Information | Floydada Collegiate ISD,Yes,
186902,Fort Stockton ISD Board of Trustees,Pecos County,smd_or_hybrid_no_seat_mapping (pure_smd),"board_size=7, at_large=0, smd_seats=7 (districts [1, 2, 3, 4, 5, 6, 7]) -- directory has no per-person seat number to map named trustees to numbered posts",0,7,Single-Member District,ocd-jurisdiction/country:us/state:tx/school_district:fort-stockton/school,http://www.fsisd.net,https://www.fsisd.net/about-fsisd/school-board/school-board-members,School Board Members - Fort Stockton Independent ...,Yes,
220905,Fort Worth ISD Board of Trustees,Tarrant County,smd_or_hybrid_no_seat_mapping (pure_smd),"board_size=9, at_large=0, smd_seats=9 (districts [1, 2, 3, 4, 5, 6, 7, 8, 9]) -- directory has no per-person seat number to map named trustees to numbered posts",0,9,Single-Member District,ocd-jurisdiction/country:us/state:tx/school_district:fort-worth/school,http://www.fwisd.org,https://www.fwisd.org/board/trustees,Fort Worth ISD Board of Trustees,Yes,
122901,Ft Davis ISD Board of Trustees,Jeff Davis County,smd_or_hybrid_no_seat_mapping (hybrid),"board_size=7, at_large=3, smd_seats=4 (districts [1, 2, 3, 4]) -- directory has no per-person seat number to map named trustees to numbered posts",0,7,Hybrid (at-large + SMD),ocd-jurisdiction/country:us/state:tx/school_district:ft-davis/school,http://www.fdisd.com,https://www.fdisd.com/page/board-of-members,Board Members,Yes,
84902,Galveston ISD Board of Trustees,Galveston County,smd_or_hybrid_no_seat_mapping (pure_smd),"board_size=7, at_large=0, smd_seats=7 (districts [1, 2, 3, 4, 5, 6, 7]) -- directory has no per-person seat number to map named trustees to numbered posts",0,7,Single-Member District,ocd-jurisdiction/country:us/state:tx/school_district:galveston/school,http://www.gisd.org,https://www.gisd.org/board-of-trustees-home,Galveston ISD - Board of Trustees Home,Yes,
149901,George West ISD Board of Trustees,Live Oak County,smd_or_hybrid_no_seat_mapping (pure_smd),"board_size=7, at_large=0, smd_seats=7 (districts [1, 2, 3, 4, 5, 6, 7]) -- directory has no per-person seat number to map named trustees to numbered posts",0,7,Single-Member District,ocd-jurisdiction/country:us/state:tx/school_district:george-west/school,http://www.gwisd.us,https://www.gwisd.us/apps/pages/index.jsp?uREC_ID=576260&type=d&termREC_ID=&pREC_ID=1110563,Board Elections - School Board,Yes,
88902,Goliad ISD Board of Trustees,Goliad County,smd_or_hybrid_no_seat_mapping (pure_smd),"board_size=7, at_large=0, smd_seats=7 (districts [1, 2, 3, 4, 5, 6, 7]) -- directory has no per-person seat number to map named trustees to numbered posts",0,7,Single-Member District,ocd-jurisdiction/country:us/state:tx/school_district:goliad/school,http://www.goliadisd.org/,https://www.goliadisd.org/school-board,Goliad ISD - School Board,Yes,
89901,Gonzales ISD Board of Trustees,Gonzales County,smd_or_hybrid_no_seat_mapping (pure_smd),"board_size=7, at_large=0, smd_seats=7 (districts [1, 2, 3, 4, 5, 6, 7]) -- directory has no per-person seat number to map named trustees to numbered posts",0,7,Single-Member District,ocd-jurisdiction/country:us/state:tx/school_district:gonzales/school,http://www.gonzalesisd.net,https://www.gonzalesisd.net/about-gisd/school-board,School Board,Yes,
101911,Goose Creek CISD Board of Trustees,Harris County,smd_or_hybrid_no_seat_mapping (pure_smd),"board_size=7, at_large=0, smd_seats=7 (districts [1, 2, 3, 4, 5, 6, 7]) -- directory has no per-person seat number to map named trustees to numbered posts",0,7,Single-Member District,ocd-jurisdiction/country:us/state:tx/school_district:goose-creek/school,http://www.gccisd.net,https://www.gccisd.net/board-of-trustees,Board of Trustees,Yes,
156905,Grady ISD Board of Trustees,Martin County,smd_or_hybrid_no_seat_mapping (pure_smd),"board_size=7, at_large=0, smd_seats=7 (districts [1, 2, 3, 4, 5, 6, 7]) -- directory has no per-person seat number to map named trustees to numbered posts",0,7,Single-Member District,ocd-jurisdiction/country:us/state:tx/school_district:grady/school,http://gradyisd.org,https://www.gradyisd.org/page/board-of-trustees,Board of Trustees,Yes,
57910,Grand Prairie ISD Board of Trustees,Dallas County,smd_or_hybrid_no_seat_mapping (hybrid),"board_size=7, at_large=2, smd_seats=5 (districts [1, 2, 4, 5, 6]) -- directory has no per-person seat number to map named trustees to numbered posts",0,7,Hybrid (at-large + SMD),ocd-jurisdiction/country:us/state:tx/school_district:grand-prairie/school,http://www.gpisd.org/,https://www.gpisd.org/board,Board of Trustees,Yes,
116905,Greenville ISD Board of Trustees,Hunt County,smd_or_hybrid_no_seat_mapping (pure_smd),"board_size=7, at_large=0, smd_seats=7 (districts [1, 2, 3, 4, 5, 6, 7]) -- directory has no per-person seat number to map named trustees to numbered posts",0,7,Single-Member District,ocd-jurisdiction/country:us/state:tx/school_district:greenville/school,http://www.greenvilleisd.com,https://www.greenvilleisd.com/page/board-of-trustees,Greenville ISD Board of Trustees,Yes,
147902,Groesbeck ISD Board of Trustees,Limestone County,smd_or_hybrid_no_seat_mapping (hybrid),"board_size=7, at_large=2, smd_seats=5 (districts [1, 2, 3, 4, 5]) -- directory has no per-person seat number to map named trustees to numbered posts",0,7,Hybrid (at-large + SMD),ocd-jurisdiction/country:us/state:tx/school_district:groesbeck/school,http://groesbeckisdtx.sites.thrillshare.com/,https://groesbeckisdtx.sites.thrillshare.com/o/ewi,https://groesbeckisdtx.sites.thrillshare.com/o/ewi,Yes,
15904,Harlandale ISD Board of Trustees,Bexar County,smd_or_hybrid_no_seat_mapping (pure_smd),"board_size=7, at_large=0, smd_seats=7 (districts [1, 2, 3, 4, 5, 6, 7]) -- directory has no per-person seat number to map named trustees to numbered posts",0,7,Single-Member District,ocd-jurisdiction/country:us/state:tx/school_district:harlandale/school,http://www.harlandale.net/,https://www.harlandale.net/page/school-board,School Board | Harlandale Independent School District,Yes,
104901,Haskell CISD Board of Trustees,Haskell County,smd_or_hybrid_no_seat_mapping (pure_smd),"board_size=7, at_large=0, smd_seats=7 (districts [1, 2, 3, 4, 5, 6, 7]) -- directory has no per-person seat number to map named trustees to numbered posts",0,7,Single-Member District,ocd-jurisdiction/country:us/state:tx/school_district:haskell/school,http://www.haskell.esc14.net/,https://www.haskell.esc14.net/,Haskell Consolidated Independent School District,Yes,
105906,Hays CISD Board of Trustees,Hays County,smd_or_hybrid_no_seat_mapping (hybrid),"board_size=7, at_large=2, smd_seats=5 (districts [1, 2, 3, 4, 5]) -- directory has no per-person seat number to map named trustees to numbered posts",0,7,Hybrid (at-large + SMD),ocd-jurisdiction/country:us/state:tx/school_district:hays/school,http://www.hayscisd.net,https://www.hayscisd.net/page/board-members,Board Members | Hays Consolidated Independent School District,Yes,
201902,Henderson ISD Board of Trustees,Rusk County,smd_or_hybrid_no_seat_mapping (hybrid),"board_size=7, at_large=2, smd_seats=5 (districts [1, 2, 3, 4, 5]) -- directory has no per-person seat number to map named trustees to numbered posts",0,7,Hybrid (at-large + SMD),ocd-jurisdiction/country:us/state:tx/school_district:henderson/school,http://www.hendersonisd.org,https://www.hendersonisd.org/page/meet-our-board,MEET OUR BOARD - Henderson ISD,Yes,
59901,Hereford ISD Board of Trustees,Deaf Smith County,smd_or_hybrid_no_seat_mapping (pure_smd),"board_size=7, at_large=0, smd_seats=7 (districts [1, 2, 3, 4, 5, 6, 7]) -- directory has no per-person seat number to map named trustees to numbered posts",0,7,Single-Member District,ocd-jurisdiction/country:us/state:tx/school_district:hereford/school,http://www.herefordisd.net,https://www.herefordisd.net/page/board-of-trustees,Board of Trustees - Hereford ISD,Yes,
109904,Hillsboro ISD Board of Trustees,Hill County,smd_or_hybrid_no_seat_mapping (hybrid),"board_size=7, at_large=2, smd_seats=5 (districts [1, 2, 3, 4, 5]) -- directory has no per-person seat number to map named trustees to numbered posts",0,7,Hybrid (at-large + SMD),ocd-jurisdiction/country:us/state:tx/school_district:hillsboro/school,http://www.hillsboroisd.org,https://www.hillsboroisd.org/,Hillsboro ISD: Home,Yes,
84908,Hitchcock ISD Board of Trustees,Galveston County,smd_or_hybrid_no_seat_mapping (pure_smd),"board_size=7, at_large=0, smd_seats=7 (districts [1, 2, 3, 4, 5, 6, 7]) -- directory has no per-person seat number to map named trustees to numbered posts",0,7,Single-Member District,ocd-jurisdiction/country:us/state:tx/school_district:hitchcock/school,http://www.hitchcockisd.org,https://www.hitchcockisd.org/main-district/board-of-trustees,Board of Trustees - Hitchcock ISD,Yes,
163904,Hondo ISD Board of Trustees,Medina County,smd_or_hybrid_no_seat_mapping (hybrid),"board_size=7, at_large=2, smd_seats=5 (districts [1, 2, 3, 4, 5]) -- directory has no per-person seat number to map named trustees to numbered posts",0,7,Hybrid (at-large + SMD),ocd-jurisdiction/country:us/state:tx/school_district:hondo/school,http://www.hondoisd.net,https://www.hondoisd.net/apps/pages/index.jsp?uREC_ID=3761105&type=d,School Board - Hondo ISD,Yes,
246907,Jarrell ISD Board of Trustees,Williamson County,smd_or_hybrid_no_seat_mapping (pure_smd),"board_size=7, at_large=0, smd_seats=7 (districts [1, 2, 3, 4, 5, 6, 7]) -- directory has no per-person seat number to map named trustees to numbered posts",0,7,Single-Member District,ocd-jurisdiction/country:us/state:tx/school_district:jarrell/school,http://www.jarrellisd.org,https://www.jarrellisd.org/about-us/about-us/board-of-trustees/board-members,Board Members - Jarrell Independent School District,Yes,
124901,Jim Hogg County ISD Board of Trustees,Jim Hogg County,smd_or_hybrid_no_seat_mapping (hybrid),"board_size=7, at_large=3, smd_seats=4 (districts [1, 2, 3, 4]) -- directory has no per-person seat number to map named trustees to numbered posts",0,7,Hybrid (at-large + SMD),ocd-jurisdiction/country:us/state:tx/school_district:jim-hogg-county/school,http://www.jhcisdpk12.org,https://www.jhcisdpk12.org/,Jim Hogg County Independent School District: Home,Yes,
7902,Jourdanton ISD Board of Trustees,Atascosa County,smd_or_hybrid_no_seat_mapping (pure_smd),"board_size=7, at_large=0, smd_seats=7 (districts [1, 2, 3, 4, 5, 6, 7]) -- directory has no per-person seat number to map named trustees to numbered posts",0,7,Single-Member District,ocd-jurisdiction/country:us/state:tx/school_district:jourdanton/school,http://www.jourdantonisd.net,https://www.jourdantonisd.net/page/board-of-trustees,Board of Trustees | Jourdanton ISD,Yes,
15916,Judson ISD Board of Trustees,Bexar County,smd_or_hybrid_no_seat_mapping (hybrid),"board_size=7, at_large=2, smd_seats=5 (districts [1, 2, 3, 4, 5]) -- directory has no per-person seat number to map named trustees to numbered posts",0,7,Hybrid (at-large + SMD),ocd-jurisdiction/country:us/state:tx/school_district:judson/school,http://www.judsonisd.org,https://www.judsonisd.org/page/school-board,School Board | Judson ISD,Yes,
128901,Karnes City ISD Board of Trustees,Karnes County,smd_or_hybrid_no_seat_mapping (pure_smd),"board_size=7, at_large=0, smd_seats=7 (districts [1, 2, 3, 4, 5, 6, 7]) -- directory has no per-person seat number to map named trustees to numbered posts",0,7,Single-Member District,ocd-jurisdiction/country:us/state:tx/school_district:karnes-city/school,http://www.kcisd.net,https://www.kcisd.net/inside-kcisd/board-of-trustees,Board of Trustees - Karnes City ISD,Yes,
128902,Kenedy ISD Board of Trustees,Karnes County,smd_or_hybrid_no_seat_mapping (pure_smd),"board_size=7, at_large=0, smd_seats=7 (districts [1, 2, 3, 4, 5, 6, 7]) -- directory has no per-person seat number to map named trustees to numbered posts",0,7,Single-Member District,ocd-jurisdiction/country:us/state:tx/school_district:kenedy/school,http://www.kenedyisd.com/,http://kenedyisd.com/our_district/board_of_trustees,Board of Trustees - Kenedy Independent School District,Yes,
248901,Kermit ISD Board of Trustees,Winkler County,smd_or_hybrid_no_seat_mapping (hybrid),"board_size=7, at_large=2, smd_seats=5 (districts [1, 2, 3, 4, 5]) -- directory has no per-person seat number to map named trustees to numbered posts",0,7,Hybrid (at-large + SMD),ocd-jurisdiction/country:us/state:tx/school_district:kermit/school,http://www.kermitisd.org,https://www.kermitisd.org/page/school-board,SCHOOL BOARD | Kermit Independent School District,Yes,
133903,Kerrville ISD Board of Trustees,Kerr County,smd_or_hybrid_no_seat_mapping (pure_smd),"board_size=7, at_large=0, smd_seats=7 (districts [1, 2, 3, 4, 5, 6, 7]) -- directory has no per-person seat number to map named trustees to numbered posts",0,7,Single-Member District,ocd-jurisdiction/country:us/state:tx/school_district:kerrville/school,http://www.kerrvilleisd.net,https://www.kerrvilleisd.net/our-district/board-of-trustees,Board of Trustees - Kerrville Independent School District,Yes,
219905,Kress ISD Board of Trustees,Swisher County,smd_or_hybrid_no_seat_mapping (hybrid),"board_size=7, at_large=2, smd_seats=5 (districts [1, 2, 3, 4, 5]) -- directory has no per-person seat number to map named trustees to numbered posts",0,7,Hybrid (at-large + SMD),ocd-jurisdiction/country:us/state:tx/school_district:kress/school,http://www.kressonline.net,https://kressonline.net/,Kress ISD - Home,Yes,
161906,La Vega ISD Board of Trustees,Mclennan County,smd_or_hybrid_no_seat_mapping (hybrid),"board_size=7, at_large=2, smd_seats=5 (districts [1, 2, 3, 4, 5]) -- directory has no per-person seat number to map named trustees to numbered posts",0,7,Hybrid (at-large + SMD),ocd-jurisdiction/country:us/state:tx/school_district:la-vega/school,http://www.lavegaisd.org,https://www.lavegaisd.org/school-board/about-the-board,About the Board - La Vega Independent School District,Yes,
79901,Lamar CISD Board of Trustees,Fort Bend County,smd_or_hybrid_no_seat_mapping (pure_smd),"board_size=7, at_large=0, smd_seats=7 (districts [1, 2, 3, 4, 5, 6, 7]) -- directory has no per-person seat number to map named trustees to numbered posts",0,7,Single-Member District,ocd-jurisdiction/country:us/state:tx/school_district:lamar/school,http://www.lcisd.org/,https://lcisd.org/boardoftrustees,Board of Trustees Home - Lamar Consolidated ISD,Yes,
58906,Lamesa ISD Board of Trustees,Dawson County,smd_or_hybrid_no_seat_mapping (hybrid),"board_size=7, at_large=2, smd_seats=5 (districts [1, 2, 3, 4, 5]) -- directory has no per-person seat number to map named trustees to numbered posts",0,7,Hybrid (at-large + SMD),ocd-jurisdiction/country:us/state:tx/school_district:lamesa/school,http://www.lamesa.esc17.net,https://www.lamesaisd.net/,Lamesa ISD: Home,No,
57913,Lancaster ISD Board of Trustees,Dallas County,smd_or_hybrid_no_seat_mapping (pure_smd),"board_size=7, at_large=0, smd_seats=7 (districts [1, 2, 3, 4, 5, 6, 7]) -- directory has no per-person seat number to map named trustees to numbered posts",0,7,Single-Member District,ocd-jurisdiction/country:us/state:tx/school_district:lancaster/school,http://www.lancasterisd.org,https://www.lancasterisd.org/page/board-members,Board Members | Lancaster Independent School District,Yes,
240901,Laredo ISD Board of Trustees,Webb County,smd_or_hybrid_no_seat_mapping (pure_smd),"board_size=7, at_large=0, smd_seats=7 (districts [1, 2, 3, 4, 5, 6, 7]) -- directory has no per-person seat number to map named trustees to numbered posts",0,7,Single-Member District,ocd-jurisdiction/country:us/state:tx/school_district:laredo/school,http://www.laredoisd.org,https://www.laredoisd.org/o/lisd/page/lisd-board-of-trustees,LISD Board - Laredo Independent School District,Yes,
110902,Levelland ISD Board of Trustees,Hockley County,smd_or_hybrid_no_seat_mapping (hybrid),"board_size=7, at_large=2, smd_seats=5 (districts [1, 2, 3, 4, 5]) -- directory has no per-person seat number to map named trustees to numbered posts",0,7,Hybrid (at-large + SMD),ocd-jurisdiction/country:us/state:tx/school_district:levelland/school,http://www.levellandisd.net/,https://www.levellandisd.net/board-members,Board Members - Levelland ISD,Yes,
61902,Lewisville ISD Board of Trustees,Denton County,smd_or_hybrid_no_seat_mapping (hybrid),"board_size=7, at_large=2, smd_seats=5 (districts [1, 2, 3, 4, 5]) -- directory has no per-person seat number to map named trustees to numbered posts",0,7,Hybrid (at-large + SMD),ocd-jurisdiction/country:us/state:tx/school_district:lewisville/school,http://www.lisd.net/,https://www.lisd.net/our-district/board-of-trustees,Board of Trustees - Lewisville ISD,Yes,
140904,Littlefield ISD Board of Trustees,Lamb County,smd_or_hybrid_no_seat_mapping (hybrid),"board_size=7, at_large=2, smd_seats=5 (districts [1, 2, 3, 4, 5]) -- directory has no per-person seat number to map named trustees to numbered posts",0,7,Hybrid (at-large + SMD),ocd-jurisdiction/country:us/state:tx/school_district:littlefield/school,http://www.lfdisd.org,https://www.lfdisd.org/school-board,School Board - Littlefield ISD,Yes,
28902,Lockhart ISD Board of Trustees,Caldwell County,smd_or_hybrid_no_seat_mapping (hybrid),"board_size=7, at_large=3, smd_seats=4 (districts [1, 2, 3, 4]) -- directory has no per-person seat number to map named trustees to numbered posts",0,7,Hybrid (at-large + SMD),ocd-jurisdiction/country:us/state:tx/school_district:lockhart/school,http://www.lockhartisd.org,CAESawHrOzAV-vchO4swrUYjFGbzq0r58Oe-FFTv8n4czc9BTO3Vu-ygtyDSNuITitfaluxaTNcEYyPKSO9TuxwOQuoEvaNOn2hKVf0E-cwxsNsBl5yiu6LCDSze-wHB-ssYk3q7AInGcy2bWu_6,Board of Trustees - Lockhart ISD,No,
77902,Lockney ISD Board of Trustees,Floyd County,smd_or_hybrid_no_seat_mapping (hybrid),"board_size=7, at_large=2, smd_seats=5 (districts [1, 2, 3, 4, 5]) -- directory has no per-person seat number to map named trustees to numbered posts",0,7,Hybrid (at-large + SMD),ocd-jurisdiction/country:us/state:tx/school_district:lockney/school,http://www.lockneyisd.net,https://www.lockneyisd.net/documents/administration/school-board/20456770,Documents | Lockney ISD,Yes,
92903,Longview ISD Board of Trustees,Gregg County,smd_or_hybrid_no_seat_mapping (pure_smd),"board_size=7, at_large=0, smd_seats=7 (districts [1, 2, 3, 4, 5, 6, 7]) -- directory has no per-person seat number to map named trustees to numbered posts",0,7,Single-Member District,ocd-jurisdiction/country:us/state:tx/school_district:longview/school,http://www.lisd.org/,https://www.leanderisd.org/boardoftrustees/,Board of Trustees - Leander ISD,No,
54902,Lorenzo ISD Board of Trustees,Crosby County,smd_or_hybrid_no_seat_mapping (hybrid),"board_size=7, at_large=2, smd_seats=5 (districts [1, 2, 3, 4, 5]) -- directory has no per-person seat number to map named trustees to numbered posts",0,7,Hybrid (at-large + SMD),ocd-jurisdiction/country:us/state:tx/school_district:lorenzo/school,http://www.lorenzoisd.net/,https://www.lorenzoisd.net/page/board,Lorenzo ISD Board of Trustees,Yes,
152901,Lubbock ISD Board of Trustees,Lubbock County,smd_or_hybrid_no_seat_mapping (hybrid),"board_size=7, at_large=2, smd_seats=5 (districts [1, 2, 3, 4, 5]) -- directory has no per-person seat number to map named trustees to numbered posts",0,7,Hybrid (at-large + SMD),ocd-jurisdiction/country:us/state:tx/school_district:lubbock/school,http://www.lubbockisd.org,https://www.lubbockisd.org/o/lisd/page/board-of-trustees,Board of Trustees - Lubbock ISD,Yes,
7904,Lytle ISD Board of Trustees,Atascosa County,smd_or_hybrid_no_seat_mapping (pure_smd),"board_size=7, at_large=0, smd_seats=7 (districts [1, 2, 3, 4, 5, 6, 7]) -- directory has no per-person seat number to map named trustees to numbered posts",0,7,Single-Member District,ocd-jurisdiction/country:us/state:tx/school_district:lytle/school,http://www.lytleisd.org/,https://www.lytleisd.org/page/board-of-trustees,Board of Trustees | Lytle Independent School District,Yes,
73903,Marlin ISD Board of Trustees,Falls County,smd_or_hybrid_no_seat_mapping (hybrid),"board_size=7, at_large=2, smd_seats=5 (districts [1, 2, 3, 4, 5]) -- directory has no per-person seat number to map named trustees to numbered posts",0,7,Hybrid (at-large + SMD),ocd-jurisdiction/country:us/state:tx/school_district:marlin/school,http://www.marlinisd.org,https://www.marlinisd.org/board-of-trustees,Board of Trustees - Marlin Independent School District,Yes,
102902,Marshall ISD Board of Trustees,Harrison County,smd_or_hybrid_no_seat_mapping (hybrid),"board_size=7, at_large=2, smd_seats=5 (districts [1, 2, 3, 4, 5]) -- directory has no per-person seat number to map named trustees to numbered posts",0,7,Hybrid (at-large + SMD),ocd-jurisdiction/country:us/state:tx/school_district:marshall/school,http://www.marshallisd.com,https://www.marshallisd.com/page/school-board,School Board | Marshall ISD,Yes,
157901,Mason ISD Board of Trustees,Mason County,smd_or_hybrid_no_seat_mapping (hybrid),"board_size=7, at_large=2, smd_seats=5 (districts [1, 2, 3, 4, 5]) -- directory has no per-person seat number to map named trustees to numbered posts",0,7,Hybrid (at-large + SMD),ocd-jurisdiction/country:us/state:tx/school_district:mason/school,http://www.masonisd.net,https://www.masonisd.net/board-members,Board Members - MASON INDEPENDENT SCHOOL DISTRICT,Yes,
231901,McCamey ISD Board of Trustees,Upton County,smd_or_hybrid_no_seat_mapping (hybrid),"board_size=7, at_large=2, smd_seats=5 (districts [1, 2, 3, 4, 5]) -- directory has no per-person seat number to map named trustees to numbered posts",0,7,Hybrid (at-large + SMD),ocd-jurisdiction/country:us/state:tx/school_district:mccamey/school,http://www.mcisd.esc18.net,https://www.mcisd.esc18.net/page/misd-school-board,MISD School Board - McCamey ISD,Yes,
43907,McKinney ISD Board of Trustees,Collin County,smd_or_hybrid_no_seat_mapping (hybrid),"board_size=7, at_large=2, smd_seats=5 (districts [1, 2, 3, 4, 5]) -- directory has no per-person seat number to map named trustees to numbered posts",0,7,Hybrid (at-large + SMD),ocd-jurisdiction/country:us/state:tx/school_district:mckinney/school,http://www.mckinneyisd.net,https://www.mckinneyisd.net/page/board-of-trustees,Board of Trustees - McKinney ISD,Yes,
163908,Medina Valley ISD Board of Trustees,Medina County,smd_or_hybrid_no_seat_mapping (hybrid),"board_size=7, at_large=2, smd_seats=5 (districts [1, 2, 3, 4, 5]) -- directory has no per-person seat number to map named trustees to numbered posts",0,7,Hybrid (at-large + SMD),ocd-jurisdiction/country:us/state:tx/school_district:medina-valley/school,http://www.mvisd.com,https://www.mvisd.com/apps/pages/index.jsp?uREC_ID=2204972&type=d,School Board - Medina Valley ISD,Yes,
164901,Menard ISD Board of Trustees,Menard County,smd_or_hybrid_no_seat_mapping (pure_smd),"board_size=7, at_large=0, smd_seats=7 (districts [1, 2, 3, 4, 5, 6, 7]) -- directory has no per-person seat number to map named trustees to numbered posts",0,7,Single-Member District,ocd-jurisdiction/country:us/state:tx/school_district:menard/school,http://www.menardisd.net,https://www.menardisd.net/page/school-board,School Board - Menard ISD,Yes,
165901,Midland ISD Board of Trustees,Midland County,smd_or_hybrid_no_seat_mapping (pure_smd),"board_size=7, at_large=0, smd_seats=7 (districts [1, 2, 3, 4, 5, 6, 7]) -- directory has no per-person seat number to map named trustees to numbered posts",0,7,Single-Member District,ocd-jurisdiction/country:us/state:tx/school_district:midland/school,http://www.midlandisd.net,https://www.midlandisd.net/school-board/board-members,Board Members - Midland ISD,Yes,
238902,Monahans-Wickett-Pyote ISD Board of Trustees,Ward County,smd_or_hybrid_no_seat_mapping (pure_smd),"board_size=7, at_large=0, smd_seats=7 (districts [1, 2, 3, 4, 5, 6, 7]) -- directory has no per-person seat number to map named trustees to numbered posts",0,7,Single-Member District,ocd-jurisdiction/country:us/state:tx/school_district:monahans-wickett-pyote/school,http://www.mwpisd.esc18.net,https://www.mwpisd.esc18.net/124187_3,MWPISD School Board Home - Monahans-Wickett-Pyote ISD,Yes,
9901,Muleshoe ISD Board of Trustees,Bailey County,smd_or_hybrid_no_seat_mapping (hybrid),"board_size=7, at_large=2, smd_seats=5 (districts [1, 2, 3, 4, 5]) -- directory has no per-person seat number to map named trustees to numbered posts",0,7,Hybrid (at-large + SMD),ocd-jurisdiction/country:us/state:tx/school_district:muleshoe/school,http://www.muleshoeisd.net,https://www.muleshoeisd.net/page/muleshoe-isd-board-of-trustees,MULESHOE ISD BOARD OF TRUSTEES,Yes,
174904,Nacogdoches ISD Board of Trustees,Nacogdoches County,smd_or_hybrid_no_seat_mapping (hybrid),"board_size=7, at_large=2, smd_seats=5 (districts [1, 2, 3, 4, 5]) -- directory has no per-person seat number to map named trustees to numbered posts",0,7,Hybrid (at-large + SMD),ocd-jurisdiction/country:us/state:tx/school_district:nacogdoches/school,http://www.nacisd.org,https://www.nacisd.org/page/school-board,School Board | Nacogdoches Independent School District,Yes,
46901,New Braunfels ISD Board of Trustees,Comal County,smd_or_hybrid_no_seat_mapping (hybrid),"board_size=7, at_large=2, smd_seats=5 (districts [1, 2, 3, 4, 5]) -- directory has no per-person seat number to map named trustees to numbered posts",0,7,Hybrid (at-large + SMD),ocd-jurisdiction/country:us/state:tx/school_district:new-braunfels/school,http://www.nbisd.org,https://nbisd.org/about-nbisd/board/,Board of Trustees - NBISD,Yes,
15910,North East ISD Board of Trustees,Bexar County,smd_or_hybrid_no_seat_mapping (pure_smd),"board_size=7, at_large=0, smd_seats=7 (districts [1, 2, 3, 4, 5, 6, 7]) -- directory has no per-person seat number to map named trustees to numbered posts",0,7,Single-Member District,ocd-jurisdiction/country:us/state:tx/school_district:north-east/school,http://www.neisd.net,https://www.neisd.net/About-NEISD/Leadership-and-Governance/Board-of-Trustees/,Board of Trustees - San Antonio - NEISD,Yes,
15915,Northside ISD Board of Trustees,Bexar County,smd_or_hybrid_no_seat_mapping (pure_smd),"board_size=7, at_large=0, smd_seats=7 (districts [1, 2, 3, 4, 5, 6, 7]) -- directory has no per-person seat number to map named trustees to numbered posts",0,7,Single-Member District,ocd-jurisdiction/country:us/state:tx/school_district:northside-015915/school,http://www.nisd.net,https://www.nisd.net/board,Board of Trustees | Northside Independent School District,Yes,
139909,Paris ISD Board of Trustees,Lamar County,smd_or_hybrid_no_seat_mapping (pure_smd),"board_size=7, at_large=0, smd_seats=7 (districts [1, 2, 3, 4, 5, 6, 7]) -- directory has no per-person seat number to map named trustees to numbered posts",0,7,Single-Member District,ocd-jurisdiction/country:us/state:tx/school_district:paris/school,http://www.parisisd.net/,https://www.parisisd.net/153877_2,Board of Trustees Home - Paris Independent School District,Yes,
251902,Plains ISD Board of Trustees,Yoakum County,smd_or_hybrid_no_seat_mapping (hybrid),"board_size=7, at_large=2, smd_seats=5 (districts [1, 2, 3, 4, 5]) -- directory has no per-person seat number to map named trustees to numbered posts",0,7,Hybrid (at-large + SMD),ocd-jurisdiction/country:us/state:tx/school_district:plains/school,http://www.plainsisd.net,https://www.plainsisd.net/page/school-board-information,School Board Information | - Plains ISD,Yes,
95905,Plainview ISD Board of Trustees,Hale County,smd_or_hybrid_no_seat_mapping (pure_smd),"board_size=7, at_large=0, smd_seats=7 (districts [1, 2, 3, 4, 5, 6, 7]) -- directory has no per-person seat number to map named trustees to numbered posts",0,7,Single-Member District,ocd-jurisdiction/country:us/state:tx/school_district:plainview/school,http://www.plainviewisd.org,https://www.plainviewisd.org/page/board-of-trustees,Board of Trustees | Plainview ISD,Yes,
7905,Pleasanton ISD Board of Trustees,Atascosa County,smd_or_hybrid_no_seat_mapping (pure_smd),"board_size=7, at_large=0, smd_seats=7 (districts [1, 2, 3, 4, 5, 6, 7]) -- directory has no per-person seat number to map named trustees to numbered posts",0,7,Single-Member District,ocd-jurisdiction/country:us/state:tx/school_district:pleasanton/school,http://www.pisd.us,https://www.pisd.us/,Pleasanton Independent School District: Home,Yes,
54903,Ralls ISD Board of Trustees,Crosby County,smd_or_hybrid_no_seat_mapping (hybrid),"board_size=7, at_large=2, smd_seats=5 (districts [1, 2, 3, 4, 5]) -- directory has no per-person seat number to map named trustees to numbered posts",0,7,Hybrid (at-large + SMD),ocd-jurisdiction/country:us/state:tx/school_district:ralls/school,http://rallsisd.org/,https://www.rallsisd.org/apps/pages/index.jsp?uREC_ID=216873&type=d&pREC_ID=477822,School Board – Central Office - Ralls ISD,Yes,
192901,Reagan County ISD Board of Trustees,Reagan County,smd_or_hybrid_no_seat_mapping (pure_smd),"board_size=7, at_large=0, smd_seats=7 (districts [1, 2, 3, 4, 5, 6, 7]) -- directory has no per-person seat number to map named trustees to numbered posts",0,7,Single-Member District,ocd-jurisdiction/country:us/state:tx/school_district:reagan-county/school,http://www.reagancountyisd.net/,https://www.reagancountyisd.net/page/school-board,School Board | Reagan County ISD,Yes,
196903,Refugio ISD Board of Trustees,Refugio County,smd_or_hybrid_no_seat_mapping (pure_smd),"board_size=7, at_large=0, smd_seats=7 (districts [1, 2, 3, 4, 5, 6, 7]) -- directory has no per-person seat number to map named trustees to numbered posts",0,7,Single-Member District,ocd-jurisdiction/country:us/state:tx/school_district:refugio/school,http://www.refugioisd.net/,https://www.refugioisd.net/page/meet-the-board,Meet The Board | Refugio Independent School District,Yes,
57916,Richardson ISD Board of Trustees,Dallas County,smd_or_hybrid_no_seat_mapping (hybrid),"board_size=7, at_large=2, smd_seats=5 (districts [1, 2, 3, 4, 5]) -- directory has no per-person seat number to map named trustees to numbered posts",0,7,Hybrid (at-large + SMD),ocd-jurisdiction/country:us/state:tx/school_district:richardson/school,http://www.risd.org,https://web.risd.org/home/,Richardson ISD: Home,Yes,
128903,Runge ISD Board of Trustees,Karnes County,smd_or_hybrid_no_seat_mapping (pure_smd),"board_size=7, at_large=0, smd_seats=7 (districts [1, 2, 3, 4, 5, 6, 7]) -- directory has no per-person seat number to map named trustees to numbered posts",0,7,Single-Member District,ocd-jurisdiction/country:us/state:tx/school_district:runge/school,http://www.rungeisd.org,https://www.rungeisd.org/vnews/display.v/SEC/School%20Board,School Board - Runge ISD,Yes,
226903,San Angelo ISD Board of Trustees,Tom Green County,smd_or_hybrid_no_seat_mapping (hybrid),"board_size=7, at_large=1, smd_seats=6 (districts [1, 2, 3, 4, 5, 6]) -- directory has no per-person seat number to map named trustees to numbered posts",0,7,Hybrid (at-large + SMD),ocd-jurisdiction/country:us/state:tx/school_district:san-angelo/school,http://www.saisd.org/,https://www.saisd.org/district/board-of-education/board-members,Board Members - San Angelo Independent School District,Yes,
15907,San Antonio ISD Board of Trustees,Bexar County,smd_or_hybrid_no_seat_mapping (pure_smd),"board_size=7, at_large=0, smd_seats=7 (districts [1, 2, 3, 4, 5, 6, 7]) -- directory has no per-person seat number to map named trustees to numbered posts",0,7,Single-Member District,ocd-jurisdiction/country:us/state:tx/school_district:san-antonio/school,http://www.saisd.net/,https://www.saisd.net/page/board,Board - San Antonio ISD,Yes,
105902,San Marcos CISD Board of Trustees,Hays County,smd_or_hybrid_no_seat_mapping (hybrid),"board_size=7, at_large=2, smd_seats=5 (districts [1, 2, 3, 4, 5]) -- directory has no per-person seat number to map named trustees to numbered posts",0,7,Hybrid (at-large + SMD),ocd-jurisdiction/country:us/state:tx/school_district:san-marcos/school,http://www.smcisd.net,https://www.smcisd.net/our-district/board-of-trustees,Board of Trustees - San Marcos CISD,Yes,
207901,Schleicher ISD Board of Trustees,Schleicher County,smd_or_hybrid_no_seat_mapping (hybrid),"board_size=7, at_large=3, smd_seats=4 (districts [1, 2, 3, 4]) -- directory has no per-person seat number to map named trustees to numbered posts",0,7,Hybrid (at-large + SMD),ocd-jurisdiction/country:us/state:tx/school_district:schleicher/school,http://www.scisd.net,https://www.scisd.net/page/school-board,School Board | Schleicher County ISD,Yes,
83901,Seagraves ISD Board of Trustees,Gaines County,smd_or_hybrid_no_seat_mapping (pure_smd),"board_size=7, at_large=0, smd_seats=7 (districts [1, 2, 3, 4, 5, 6, 7]) -- directory has no per-person seat number to map named trustees to numbered posts",0,7,Single-Member District,ocd-jurisdiction/country:us/state:tx/school_district:seagraves/school,http://www.seagravesisd.net,https://www.seagravesisd.net/page/board-members,Board Members - Seagraves ISD,Yes,
94901,Seguin ISD Board of Trustees,Guadalupe County,smd_or_hybrid_no_seat_mapping (pure_smd),"board_size=7, at_large=0, smd_seats=7 (districts [1, 2, 3, 4, 5, 6, 7]) -- directory has no per-person seat number to map named trustees to numbered posts",0,7,Single-Member District,ocd-jurisdiction/country:us/state:tx/school_district:seguin/school,http://www.seguin.k12.tx.us,https://www.seguin.k12.tx.us/page/board.home,Board of Trustees - Seguin Independent School District,Yes,
83903,Seminole ISD Board of Trustees,Gaines County,smd_or_hybrid_no_seat_mapping (hybrid),"board_size=7, at_large=3, smd_seats=4 (districts [1, 2, 3, 4]) -- directory has no per-person seat number to map named trustees to numbered posts",0,7,Hybrid (at-large + SMD),ocd-jurisdiction/country:us/state:tx/school_district:seminole/school,http://www.seminoleisd.net,https://www.seminoleisd.net/apps/pages/index.jsp?uREC_ID=1554790&type=d&pREC_ID=1680511,Board Members - Board of Trustees - Seminole ISD,Yes,
152903,Slaton ISD Board of Trustees,Lubbock County,smd_or_hybrid_no_seat_mapping (hybrid),"board_size=7, at_large=2, smd_seats=5 (districts [1, 2, 3, 4, 5]) -- directory has no per-person seat number to map named trustees to numbered posts",0,7,Hybrid (at-large + SMD),ocd-jurisdiction/country:us/state:tx/school_district:slaton/school,http://www.slatonisd.net,https://www.slatonisd.net/51936_2,Board of Trustees - Slaton ISD,Yes,
208902,Snyder ISD Board of Trustees,Scurry County,smd_or_hybrid_no_seat_mapping (hybrid),"board_size=7, at_large=2, smd_seats=5 (districts [1, 2, 3, 4, 5]) -- directory has no per-person seat number to map named trustees to numbered posts",0,7,Hybrid (at-large + SMD),ocd-jurisdiction/country:us/state:tx/school_district:snyder/school,http://www.snyderisd.net,https://www.snyderisd.net/page/board-of-trustees,Snyder ISD Board of Trustees,Yes,
71909,Socorro ISD Board of Trustees,El Paso County,smd_or_hybrid_no_seat_mapping (hybrid),"board_size=7, at_large=2, smd_seats=5 (districts [1, 2, 3, 4, 5]) -- directory has no per-person seat number to map named trustees to numbered posts",0,7,Hybrid (at-large + SMD),ocd-jurisdiction/country:us/state:tx/school_district:socorro/school,http://www.sisd.net,https://www.sisd.net/page/board-of-trustees,Board of Trustees - Socorro Independent School District,Yes,
15909,Somerset ISD Board of Trustees,Bexar County,smd_or_hybrid_no_seat_mapping (pure_smd),"board_size=7, at_large=0, smd_seats=7 (districts [1, 2, 3, 4, 5, 6, 7]) -- directory has no per-person seat number to map named trustees to numbered posts",0,7,Single-Member District,ocd-jurisdiction/country:us/state:tx/school_district:somerset/school,http://www.sisdk12.net/,https://www.sisdk12.net/page/board-members,Board Members | Somerset Independent School District,Yes,
218901,Sonora ISD Board of Trustees,Sutton County,smd_or_hybrid_no_seat_mapping (hybrid),"board_size=7, at_large=3, smd_seats=4 (districts [1, 2, 3, 4]) -- directory has no per-person seat number to map named trustees to numbered posts",0,7,Hybrid (at-large + SMD),ocd-jurisdiction/country:us/state:tx/school_district:sonora/school,http://www.sonoraisd.net,https://www.sonoraisd.net/district/board_of_trustees,Board of Trustees - Sonora Independent School District,Yes,
15908,South San Antonio ISD Board of Trustees,Bexar County,smd_or_hybrid_no_seat_mapping (pure_smd),"board_size=7, at_large=0, smd_seats=7 (districts [1, 2, 3, 4, 5, 6, 7]) -- directory has no per-person seat number to map named trustees to numbered posts",0,7,Single-Member District,ocd-jurisdiction/country:us/state:tx/school_district:south-san-antonio/school,http://www.southsanisd.net,https://www.southsanisd.net/about-us/school-board/board-members,Board Members - South San Antonio Independent School District,Yes,
63903,Spur ISD Board of Trustees,Dickens County,smd_or_hybrid_no_seat_mapping (hybrid),"board_size=7, at_large=2, smd_seats=5 (districts [1, 2, 3, 4, 5]) -- directory has no per-person seat number to map named trustees to numbered posts",0,7,Hybrid (at-large + SMD),ocd-jurisdiction/country:us/state:tx/school_district:spur/school,http://www.spurbulldogs.com,https://www.spurbulldogs.com/page/board,Board Members | Spur Independent School District,Yes,
156902,Stanton ISD Board of Trustees,Martin County,smd_or_hybrid_no_seat_mapping (hybrid),"board_size=7, at_large=2, smd_seats=5 (districts [1, 2, 3, 4, 5]) -- directory has no per-person seat number to map named trustees to numbered posts",0,7,Hybrid (at-large + SMD),ocd-jurisdiction/country:us/state:tx/school_district:stanton/school,http://www.stanton.esc18.net,https://www.stanton.esc18.net/page/school-board,School Board - Stanton ISD,Yes,
216901,Sterling City ISD Board of Trustees,Sterling County,smd_or_hybrid_no_seat_mapping (hybrid),"board_size=7, at_large=2, smd_seats=5 (districts [1, 2, 3, 4, 5]) -- directory has no per-person seat number to map named trustees to numbered posts",0,7,Hybrid (at-large + SMD),ocd-jurisdiction/country:us/state:tx/school_district:sterling-city/school,http://www.sterlingcityisd.net,https://www.sterlingcityisd.net/page/board-of-trustees,Board of Trustees - Sterling City ISD,Yes,
247906,Stockdale ISD Board of Trustees,Wilson County,smd_or_hybrid_no_seat_mapping (pure_smd),"board_size=7, at_large=0, smd_seats=7 (districts [1, 2, 3, 4, 5, 6, 7]) -- directory has no per-person seat number to map named trustees to numbered posts",0,7,Single-Member District,ocd-jurisdiction/country:us/state:tx/school_district:stockdale/school,http://www.stockdaleisd.org,https://stockdaleisd.org/apps/pages/index.jsp?uREC_ID=4397785&type=d,Board of Trustees – School Board - Stockdale ISD,Yes,
177902,Sweetwater ISD Board of Trustees,Nolan County,smd_or_hybrid_no_seat_mapping (hybrid),"board_size=7, at_large=2, smd_seats=5 (districts [1, 2, 3, 4, 5]) -- directory has no per-person seat number to map named trustees to numbered posts",0,7,Hybrid (at-large + SMD),ocd-jurisdiction/country:us/state:tx/school_district:sweetwater/school,http://www.sweetwaterisd.net,https://www.sweetwaterisd.net/page/sisd-board-of-trustees,SISD Board of Trustees - Sweetwater ISD,Yes,
153904,Tahoka ISD Board of Trustees,Lynn County,smd_or_hybrid_no_seat_mapping (hybrid),"board_size=7, at_large=2, smd_seats=5 (districts [1, 2, 3, 4, 5]) -- directory has no per-person seat number to map named trustees to numbered posts",0,7,Hybrid (at-large + SMD),ocd-jurisdiction/country:us/state:tx/school_district:tahoka/school,http://www.tahokaisd.org,https://www.tahokaisd.org/,Tahoka ISD: Home,Yes,
246911,Taylor ISD Board of Trustees,Williamson County,smd_or_hybrid_no_seat_mapping (hybrid),"board_size=7, at_large=2, smd_seats=5 (districts [1, 2, 3, 4, 5]) -- directory has no per-person seat number to map named trustees to numbered posts",0,7,Hybrid (at-large + SMD),ocd-jurisdiction/country:us/state:tx/school_district:taylor/school,http://www.taylorisd.org,https://taylorisd.org/board-of-trustees-home,Taylor ISD Board of Trustees,Yes,
14909,Temple ISD Board of Trustees,Bell County,smd_or_hybrid_no_seat_mapping (pure_smd),"board_size=7, at_large=0, smd_seats=7 (districts [1, 2, 3, 4, 5, 6, 7]) -- directory has no per-person seat number to map named trustees to numbered posts",0,7,Single-Member District,ocd-jurisdiction/country:us/state:tx/school_district:temple/school,http://www.tisd.org,https://www.tisd.org/apps/pages/index.jsp?type=d&uREC_ID=340056&pREC_ID=770557,Board of Trustees – Temple Independent School District,Yes,
129906,Terrell ISD Board of Trustees,Kaufman County,smd_or_hybrid_no_seat_mapping (hybrid),"board_size=7, at_large=2, smd_seats=5 (districts [1, 2, 3, 4, 5]) -- directory has no per-person seat number to map named trustees to numbered posts",0,7,Hybrid (at-large + SMD),ocd-jurisdiction/country:us/state:tx/school_district:terrell/school,http://www.terrellisd.org,https://www.terrellisd.org/page/board-of-trustees,Board of Trustees | Terrell Independent School District,Yes,
19907,Texarkana ISD Board of Trustees,Bowie County,smd_or_hybrid_no_seat_mapping (hybrid),"board_size=7, at_large=2, smd_seats=5 (districts [1, 2, 3, 4, 5]) -- directory has no per-person seat number to map named trustees to numbered posts",0,7,Hybrid (at-large + SMD),ocd-jurisdiction/country:us/state:tx/school_district:texarkana/school,http://www.txkisd.net,https://www.txkisd.net/board-of-trustees,Board of Trustees - Texarkana Independent School District,Yes,
84906,Texas City ISD Board of Trustees,Galveston County,smd_or_hybrid_no_seat_mapping (hybrid),"board_size=7, at_large=1, smd_seats=6 (districts [1, 2, 3, 4, 5, 6]) -- directory has no per-person seat number to map named trustees to numbered posts",0,7,Hybrid (at-large + SMD),ocd-jurisdiction/country:us/state:tx/school_district:texas-city/school,http://www.tcisd.org,https://www.tcisd.org/school-board,School Board - Texas City Independent School District,Yes,
219903,Tulia ISD Board of Trustees,Swisher County,smd_or_hybrid_no_seat_mapping (hybrid),"board_size=7, at_large=2, smd_seats=5 (districts [1, 2, 3, 4, 5]) -- directory has no per-person seat number to map named trustees to numbered posts",0,7,Hybrid (at-large + SMD),ocd-jurisdiction/country:us/state:tx/school_district:tulia/school,http://www.tuliaisd.net/,https://www.tuliaisd.net/page/school-board,School Board - Tulia Independent School District,Yes,
212905,Tyler ISD Board of Trustees,Smith County,smd_or_hybrid_no_seat_mapping (pure_smd),"board_size=7, at_large=0, smd_seats=7 (districts [1, 2, 3, 4, 5, 6, 7]) -- directory has no per-person seat number to map named trustees to numbered posts",0,7,Single-Member District,ocd-jurisdiction/country:us/state:tx/school_district:tyler/school,http://www.tylerisd.org,https://www.tylerisd.org/page/school-board,Tyler ISD School Board | Leadership & Governance,Yes,
240903,United ISD Board of Trustees,Webb County,smd_or_hybrid_no_seat_mapping (pure_smd),"board_size=7, at_large=0, smd_seats=7 (districts [1, 2, 3, 4, 5, 6, 7]) -- directory has no per-person seat number to map named trustees to numbered posts",0,7,Single-Member District,ocd-jurisdiction/country:us/state:tx/school_district:united/school,http://www.uisd.net,https://www.uisd.net/board-of-trustees,Board Of Trustees Home - United ISD,Yes,
235902,Victoria ISD Board of Trustees,Victoria County,smd_or_hybrid_no_seat_mapping (hybrid),"board_size=7, at_large=2, smd_seats=5 (districts [1, 2, 3, 4, 5]) -- directory has no per-person seat number to map named trustees to numbered posts",0,7,Hybrid (at-large + SMD),ocd-jurisdiction/country:us/state:tx/school_district:victoria/school,http://www.visd.net,https://www.visd.net/page/school-board,School Board - Victoria Independent School District,Yes,
161914,Waco ISD Board of Trustees,Mclennan County,smd_or_hybrid_no_seat_mapping (hybrid),"board_size=7, at_large=2, smd_seats=5 (districts [1, 2, 3, 4, 5]) -- directory has no per-person seat number to map named trustees to numbered posts",0,7,Hybrid (at-large + SMD),ocd-jurisdiction/country:us/state:tx/school_district:waco/school,http://www.wacoisd.org,https://www.wacoisd.org/board/board-of-trustees,Board of Trustees - Waco ISD,Yes,
1908,Westwood ISD Board of Trustees,Anderson County,smd_or_hybrid_no_seat_mapping (pure_smd),"board_size=7, at_large=0, smd_seats=7 (districts [1, 2, 3, 4, 5, 6, 7]) -- directory has no per-person seat number to map named trustees to numbered posts",0,7,Single-Member District,ocd-jurisdiction/country:us/state:tx/school_district:westwood/school,http://www.westwoodisd.net,https://www.westwoodisd.net/board-of-trustees/board-election,Board Election - Westwood Independent School District,Yes,
243905,Wichita Falls ISD Board of Trustees,Wichita County,smd_or_hybrid_no_seat_mapping (hybrid),"board_size=7, at_large=2, smd_seats=5 (districts [1, 2, 3, 4, 5]) -- directory has no per-person seat number to map named trustees to numbered posts",0,7,Hybrid (at-large + SMD),ocd-jurisdiction/country:us/state:tx/school_district:wichita-falls/school,http://www.wfisd.net,https://www.wfisd.net/about-wfisd/school-board,School Board - Wichita Falls Independent School District,Yes,
200904,Winters ISD Board of Trustees,Runnels County,smd_or_hybrid_no_seat_mapping (hybrid),"board_size=7, at_large=2, smd_seats=5 (districts [1, 2, 3, 4, 5]) -- directory has no per-person seat number to map named trustees to numbered posts",0,7,Hybrid (at-large + SMD),ocd-jurisdiction/country:us/state:tx/school_district:winters/school,http://www.wintersisd.org,https://www.wintersisd.org/page/school-board,School Board - Winters ISD,Yes,
71905,Ysleta ISD Board of Trustees,El Paso County,smd_or_hybrid_no_seat_mapping (pure_smd),"board_size=7, at_large=0, smd_seats=7 (districts [1, 2, 3, 4, 5, 6, 7]) -- directory has no per-person seat number to map named trustees to numbered posts",0,7,Single-Member District,ocd-jurisdiction/country:us/state:tx/school_district:ysleta/school,http://www.yisd.net,https://www.yisd.net/o/yisd/page/board-of-trustees,Board of Trustees - Ysleta ISD,Yes,
253901,Zapata County ISD Board of Trustees,Zapata County,smd_or_hybrid_no_seat_mapping (hybrid),"board_size=7, at_large=2, smd_seats=5 (districts [1, 2, 3, 4, 5]) -- directory has no per-person seat number to map named trustees to numbered posts",0,7,Hybrid (at-large + SMD),ocd-jurisdiction/country:us/state:tx/school_district:zapata-county/school,http://www.zcisd.org,https://zcisd.org/board-members,Board Members - Zapata County ISD,Yes,
