type,workbook_name,name,county,spd_id,website,seat_spec,basis,source_url,note
esd,Bastrop-Travis Counties Emergency Service District #1,Bastrop-Travis Counties Emergency Services District #1,Bastrop County,103226498,https://www.nbcfr.com,pool:5,Health & Safety Code Sec. 775.035 (district located in more than one county: five-person elected board),https://statutes.capitol.texas.gov/Docs/HS/htm/HS.775.htm#775.035,
esd,Caldwell Hays Emergency Services District #1,Caldwell Hays Emergency Services District #1,Caldwell County,103228013,https://caldwellhaysfire.org,pool:5,Health & Safety Code Sec. 775.035 (district located in more than one county: five-person elected board),https://statutes.capitol.texas.gov/Docs/HS/htm/HS.775.htm#775.035,
esd,Harris County ESD 20,Harris County Emergency Services District #20,Harris County,103228117,https://hcesd20.org,pool:5,"Health & Safety Code Sec. 775.0345(a)(1) county >3,000,000: five-person elected board",https://statutes.capitol.texas.gov/Docs/HS/htm/HS.775.htm#775.0345,
esd,Harris County Emergency Service District #4,Harris County Emergency Services District #4,Harris County,103225669,https://www.harriscountyesd4.com,pool:5,"Health & Safety Code Sec. 775.0345(a)(1) county >3,000,000: five-person elected board",https://statutes.capitol.texas.gov/Docs/HS/htm/HS.775.htm#775.0345,
esd,Harris County Emergency Services District  #14,Harris County Emergency Services District #14,Harris County,103225794,https://www.hcesd14.net,pool:5,"Health & Safety Code Sec. 775.0345(a)(1) county >3,000,000: five-person elected board",https://statutes.capitol.texas.gov/Docs/HS/htm/HS.775.htm#775.0345,
esd,Harris County Emergency Services District #1,Harris County Emergency Services District #1,Harris County,103227761,,pool:5,"Health & Safety Code Sec. 775.0345(a)(1) county >3,000,000: five-person elected board",https://statutes.capitol.texas.gov/Docs/HS/htm/HS.775.htm#775.0345,
esd,Harris County Emergency Services District #10,Harris County Emergency Services District #10,Harris County,103227128,https://www.hcesd10.org,pool:5,"Health & Safety Code Sec. 775.0345(a)(1) county >3,000,000: five-person elected board",https://statutes.capitol.texas.gov/Docs/HS/htm/HS.775.htm#775.0345,
esd,Harris County Emergency Services District #11,Harris County Emergency Services District #11,Harris County,103227688,https://www.harriscountyesd11.gov,pool:5,"Health & Safety Code Sec. 775.0345(a)(1) county >3,000,000: five-person elected board",https://statutes.capitol.texas.gov/Docs/HS/htm/HS.775.htm#775.0345,
esd,Harris County Emergency Services District #12,Harris County Emergency Services District #12,Harris County,103226244,https://www.hcesd12.net,pool:5,"Health & Safety Code Sec. 775.0345(a)(1) county >3,000,000: five-person elected board",https://statutes.capitol.texas.gov/Docs/HS/htm/HS.775.htm#775.0345,
esd,Harris County Emergency Services District #13,Harris County Emergency Services District #13,Harris County,103225649,https://www.hcesd13.org,pool:5,"Health & Safety Code Sec. 775.0345(a)(1) county >3,000,000: five-person elected board",https://statutes.capitol.texas.gov/Docs/HS/htm/HS.775.htm#775.0345,
esd,Harris County Emergency Services District #15,Harris County Emergency Services District #15,Harris County,103227505,https://www.hcesd15.org,pool:5,"Health & Safety Code Sec. 775.0345(a)(1) county >3,000,000: five-person elected board",https://statutes.capitol.texas.gov/Docs/HS/htm/HS.775.htm#775.0345,
esd,Harris County Emergency Services District #16,Harris County Emergency Services District #16,Harris County,103226775,https://ww.hcesd16.org,pool:5,"Health & Safety Code Sec. 775.0345(a)(1) county >3,000,000: five-person elected board",https://statutes.capitol.texas.gov/Docs/HS/htm/HS.775.htm#775.0345,
esd,Harris County Emergency Services District #17,Harris County Emergency Services District #17,Harris County,103226554,https://www.littleyorkfd.com,pool:5,"Health & Safety Code Sec. 775.0345(a)(1) county >3,000,000: five-person elected board",https://statutes.capitol.texas.gov/Docs/HS/htm/HS.775.htm#775.0345,
esd,Harris County Emergency Services District #2,Harris County Emergency Services District #2,Harris County,103227478,,pool:5,"Health & Safety Code Sec. 775.0345(a)(1) county >3,000,000: five-person elected board",https://statutes.capitol.texas.gov/Docs/HS/htm/HS.775.htm#775.0345,
esd,Harris County Emergency Services District #21,Harris County Emergency Services District #21,Harris County,103226068,https://www.hcesd21.org,pool:5,"Health & Safety Code Sec. 775.0345(a)(1) county >3,000,000: five-person elected board",https://statutes.capitol.texas.gov/Docs/HS/htm/HS.775.htm#775.0345,
esd,Harris County Emergency Services District #24,Harris County Emergency Services District #24,Harris County,103226777,https://www.hcesd24.org,pool:5,"Health & Safety Code Sec. 775.0345(a)(1) county >3,000,000: five-person elected board",https://statutes.capitol.texas.gov/Docs/HS/htm/HS.775.htm#775.0345,
esd,Harris County Emergency Services District #25,Harris County Emergency Services District #25,Harris County,103227496,https://www.hcesd25.org,pool:5,"Health & Safety Code Sec. 775.0345(a)(1) county >3,000,000: five-person elected board",https://statutes.capitol.texas.gov/Docs/HS/htm/HS.775.htm#775.0345,
esd,Harris County Emergency Services District #28,Harris County Emergency Services District #28,Harris County,103225633,https://www.esd28.com,pool:5,"Health & Safety Code Sec. 775.0345(a)(1) county >3,000,000: five-person elected board",https://statutes.capitol.texas.gov/Docs/HS/htm/HS.775.htm#775.0345,
esd,Harris County Emergency Services District #29,Harris County Emergency Services District #29,Harris County,103227360,https://championsfire.org/,pool:5,"Health & Safety Code Sec. 775.0345(a)(1) county >3,000,000: five-person elected board",https://statutes.capitol.texas.gov/Docs/HS/htm/HS.775.htm#775.0345,
esd,Harris County Emergency Services District #3,Harris County Emergency Services District #3,Harris County,103225665,https://www.hcesd3.org,pool:5,"Health & Safety Code Sec. 775.0345(a)(1) county >3,000,000: five-person elected board",https://statutes.capitol.texas.gov/Docs/HS/htm/HS.775.htm#775.0345,
esd,Harris County Emergency Services District #46,Harris County Emergency Services District #46,Harris County,103227357,https://www.esd46.org,pool:5,"Health & Safety Code Sec. 775.0345(a)(1) county >3,000,000: five-person elected board",https://statutes.capitol.texas.gov/Docs/HS/htm/HS.775.htm#775.0345,
esd,Harris County Emergency Services District #47,Harris County Emergency Services District #47,Harris County,103225844,https://www.hcesd47.com,pool:5,"Health & Safety Code Sec. 775.0345(a)(1) county >3,000,000: five-person elected board",https://statutes.capitol.texas.gov/Docs/HS/htm/HS.775.htm#775.0345,
esd,Harris County Emergency Services District #48,Harris County Emergency Services District #48,Harris County,103227503,https://www.hcesd48.org,pool:5,"Health & Safety Code Sec. 775.0345(a)(1) county >3,000,000: five-person elected board",https://statutes.capitol.texas.gov/Docs/HS/htm/HS.775.htm#775.0345,
esd,Harris County Emergency Services District #5,Harris County Emergency Services District #5,Harris County,103225670,https://www.hcesd5.org,pool:5,"Health & Safety Code Sec. 775.0345(a)(1) county >3,000,000: five-person elected board",https://statutes.capitol.texas.gov/Docs/HS/htm/HS.775.htm#775.0345,
esd,Harris County Emergency Services District #50,Harris County Emergency Services District #50,Harris County,103226317,http://www.channelviewfire.com,pool:5,"Health & Safety Code Sec. 775.0345(a)(1) county >3,000,000: five-person elected board",https://statutes.capitol.texas.gov/Docs/HS/htm/HS.775.htm#775.0345,
esd,Harris County Emergency Services District #6,Harris County Emergency Services District #6,Harris County,103225614,https://HarrisCountyESD6.com,pool:5,"Health & Safety Code Sec. 775.0345(a)(1) county >3,000,000: five-person elected board",https://statutes.capitol.texas.gov/Docs/HS/htm/HS.775.htm#775.0345,
esd,Harris County Emergency Services District #60,Harris County Emergency Services District #60,Harris County,103227479,https://www.esd60.org,pool:5,"Health & Safety Code Sec. 775.0345(a)(1) county >3,000,000: five-person elected board",https://statutes.capitol.texas.gov/Docs/HS/htm/HS.775.htm#775.0345,
esd,Harris County Emergency Services District #7,Harris County Emergency Services District #7,Harris County,103226783,https://www.hcesd7.org,pool:5,"Health & Safety Code Sec. 775.0345(a)(1) county >3,000,000: five-person elected board",https://statutes.capitol.texas.gov/Docs/HS/htm/HS.775.htm#775.0345,
esd,Harris County Emergency Services District #75,Harris County Emergency Services District #75,Harris County,103225668,https://www.hcesd75.org,pool:5,"Health & Safety Code Sec. 775.0345(a)(1) county >3,000,000: five-person elected board",https://statutes.capitol.texas.gov/Docs/HS/htm/HS.775.htm#775.0345,
esd,Harris County Emergency Services District #8,Harris County Emergency Services District #8,Harris County,103227127,https://www.hcesd8.com,pool:5,"Health & Safety Code Sec. 775.0345(a)(1) county >3,000,000: five-person elected board",https://statutes.capitol.texas.gov/Docs/HS/htm/HS.775.htm#775.0345,
esd,Harris County Emergency Services District #80,Harris County Emergency Services District #80,Harris County,103227131,https://www.hcesd80.org,pool:5,"Health & Safety Code Sec. 775.0345(a)(1) county >3,000,000: five-person elected board",https://statutes.capitol.texas.gov/Docs/HS/htm/HS.775.htm#775.0345,
esd,Harris County Emergency Services District #9,Harris County Emergency Services District #9,Harris County,103226555,https://www.hcesd9.org,pool:5,"Health & Safety Code Sec. 775.0345(a)(1) county >3,000,000: five-person elected board",https://statutes.capitol.texas.gov/Docs/HS/htm/HS.775.htm#775.0345,
esd,Harris-Fort Bend Emergency Services District #100,Harris-Fort Bend Emergency Services District #100,Harris County,103226163,https://www.esd100.org,pool:5,Health & Safety Code Sec. 775.035 (district located in more than one county: five-person elected board),https://statutes.capitol.texas.gov/Docs/HS/htm/HS.775.htm#775.035,
esd,Orange County Emergency Services District #1,Orange County Emergency Services District #1,Orange County,103226073,https://ocesd1.com,pool:5,"Health & Safety Code Sec. 775.0345(a)(3) county <200,000 bordering another state and the Gulf Intracoastal Waterway: five-person elected board",https://statutes.capitol.texas.gov/Docs/HS/htm/HS.775.htm#775.0345,
esd,Orange County Emergency Services District #2,Orange County Emergency Services District #2,Orange County,103226768,https://ocesd2.org/,pool:5,"Health & Safety Code Sec. 775.0345(a)(3) county <200,000 bordering another state and the Gulf Intracoastal Waterway: five-person elected board",https://statutes.capitol.texas.gov/Docs/HS/htm/HS.775.htm#775.0345,
esd,Orange County Emergency Services District 4,Orange County Emergency Services District #4,Orange County,103228362,https://ocesd4.com,pool:5,"Health & Safety Code Sec. 775.0345(a)(3) county <200,000 bordering another state and the Gulf Intracoastal Waterway: five-person elected board",https://statutes.capitol.texas.gov/Docs/HS/htm/HS.775.htm#775.0345,
esd,Smith County Emergency Services District #1,Smith County Emergency Services District #1,Smith County,103225625,https://Safe-d.org,smd:5,"Health & Safety Code Sec. 775.0345(a)(2),(b-1) (county >200,000 bordering Lake Palestine: five commissioners elected from single-member districts)",https://statutes.capitol.texas.gov/Docs/HS/htm/HS.775.htm#775.0345,"SPDPID-listed website (safe-d.org) is the state ESD association, not this district."
esd,Smith County Emergency Services District #2,Smith County Emergency Services District #2,Smith County,103226737,https://smithcountyfire.org,smd:5,"Health & Safety Code Sec. 775.0345(a)(2),(b-1) (county >200,000 bordering Lake Palestine: five commissioners elected from single-member districts)",https://statutes.capitol.texas.gov/Docs/HS/htm/HS.775.htm#775.0345,Smith County ESD #2 site lists commissioners by Voting District 1-5.
esd,Utopia Vanderpool Emergency SErvices DEistrict #1,Utopia Vanderpool Emergency Services District #1,Uvalde County,103228328,https://uvesd1.org,pool:5,Health & Safety Code Sec. 775.035 (district located in more than one county: five-person elected board),https://statutes.capitol.texas.gov/Docs/HS/htm/HS.775.htm#775.035,
hospital,Angleton-Danbury Hospital District,Angleton-Danbury Hospital District,Brazoria County,103225694,https://angletondanburyhospitaldistrict.org,positions:1-9,"Special District Local Laws Code Ch. 1002, Sec. 1002.051",https://statutes.capitol.texas.gov/Docs/SD/htm/SD.1002.htm,
hospital,Ballinger Memorial Hospital District,Ballinger Memorial Hospital District,Runnels County,103227590,https://www.ballingerhospital.org,pool:7,"Special District Local Laws Code Ch. 1004, Sec. 1004.051",https://statutes.capitol.texas.gov/Docs/SD/htm/SD.1004.htm,
hospital,Baylor County Hospital District,Baylor County Hospital District,Baylor County,103227613,,pool:7,"Special District Local Laws Code Ch. 1005, Sec. 1005.051",https://statutes.capitol.texas.gov/Docs/SD/htm/SD.1005.htm,
hospital,Big Bend Regional Hospital District,Big Bend Regional Hospital District,Brewster County,103228086,https://www.bigbendhealth.org,smd:5,"Special District Local Laws Code Ch. 1007, Sec. 1007.051",https://statutes.capitol.texas.gov/Docs/SD/htm/SD.1007.htm,
hospital,Fairfield Hospital District,Fairfield Hospital District,Freestone County,103227211,,pool:7,"Special District Local Laws Code Ch. 1015, Sec. 1015.051",https://statutes.capitol.texas.gov/Docs/SD/htm/SD.1015.htm,
hospital,Concho County Hospital,Concho County Hospital District,Concho County,103226395,,precinct:4x1+al:3,"Special District Local Laws Code Ch. 1016, Sec. 1016.051",https://statutes.capitol.texas.gov/Docs/SD/htm/SD.1016.htm,All district voters vote on all seven seats; four must reside in different commissioners precincts.
hospital,Culberson County Hospital District,Culberson County Hospital District,Culberson County,103227270,,pool:5,"Special District Local Laws Code Ch. 1017, Sec. 1017.051",https://statutes.capitol.texas.gov/Docs/SD/htm/SD.1017.htm,
hospital,Darrouzett Hospital District,Darrouzett Hospital District,Lipscomb County,103226734,,pool:6,"Special District Local Laws Code Ch. 1019, Sec. 1019.051",https://statutes.capitol.texas.gov/Docs/SD/htm/SD.1019.htm,
hospital,Deaf Smith County Hospital District,Deaf Smith County Hospital District,Deaf Smith County,103226502,https://dschd.org,pool:7,"Special District Local Laws Code Ch. 1020, Sec. 1020.051",https://statutes.capitol.texas.gov/Docs/SD/htm/SD.1020.htm,
hospital,Donley County Hospital District,Donley County Hospital District,Donley County,103225718,,positions:1-7,"Special District Local Laws Code Ch. 1021, Sec. 1021.051",https://statutes.capitol.texas.gov/Docs/SD/htm/SD.1021.htm,
hospital,Eastland Memorial Hospital District,Eastland Memorial Hospital District,Eastland County,103227232,https://eastlandmemorial.com,pool:9,"Special District Local Laws Code Ch. 1023, Sec. 1023.051",https://statutes.capitol.texas.gov/Docs/SD/htm/SD.1023.htm,
hospital,Ector County Hospital District,Ector County Hospital District,Ector County,103227490,https://mchodessa.com,smd:7,"Special District Local Laws Code Ch. 1024, Sec. 1024.051",https://statutes.capitol.texas.gov/Docs/SD/htm/SD.1024.htm,
hospital,Electra Hospital District,Electra Hospital District,Wichita County,103227355,https://www.electrahospital.com,places:7,"Special District Local Laws Code Ch. 1025, Sec. 1025.051",https://statutes.capitol.texas.gov/Docs/SD/htm/SD.1025.htm,
hospital,Fisher County Hospital District,Fisher County Hospital District,Fisher County,103226456,https://fishercountyhospital.com,pool:5,"Special District Local Laws Code Ch. 1027, Sec. 1027.051",https://statutes.capitol.texas.gov/Docs/SD/htm/SD.1027.htm,
hospital,Frio Hospital District,Frio Hospital District,Frio County,103226389,https://www.frioregionalhospital.com/,precinct:4x2+al:1,"Special District Local Laws Code Ch. 1030, Sec. 1030.051",https://statutes.capitol.texas.gov/Docs/SD/htm/SD.1030.htm,Nine seats after annexation of Precinct 4 territory (Sec. 1030.357); district site confirms nine publicly elected members.
hospital,Garza County Healthcare District,Garza County Health Care District,Garza County,103225920,,pool:5,"Special District Local Laws Code Ch. 1031, Sec. 1031.051",https://statutes.capitol.texas.gov/Docs/SD/htm/SD.1031.htm,
hospital,Gonzales Healthcare Systems,Gonzales Healthcare Systems,Gonzales County,103225835,https://www.gonzaleshealthcare.com,precinct:4x1+al:5,"Special District Local Laws Code Ch. 1032, Sec. 1032.051",https://statutes.capitol.texas.gov/Docs/SD/htm/SD.1032.htm,
hospital,Hemphill County Hospital District,Hemphill County Hospital District,Hemphill County,103227611,https://www.hchdst.org,pool:5,"Special District Local Laws Code Ch. 1039, Sec. 1039.051",https://statutes.capitol.texas.gov/Docs/SD/htm/SD.1039.htm,Sec. 1039.052 lets voters approve single-member districts instead; site not checked for a change.
hospital,Hopkins County Hospital District,Hopkins County Hospital District,Hopkins County,103227485,,pool:7,"Special District Local Laws Code Ch. 1043, Sec. 1043.051",https://statutes.capitol.texas.gov/Docs/SD/htm/SD.1043.htm,
hospital,Hunt Memorial Hospital District,Hunt Memorial Hospital District,Hunt County,103225728,https://www.huntregional.org,precinct:4x2+al:1,"Special District Local Laws Code Ch. 1044, Sec. 1044.051",https://statutes.capitol.texas.gov/Docs/SD/htm/SD.1044.htm,
hospital,Jackson County Hospital District,Jackson County Hospital District,Jackson County,103225833,https://jchd.org,precinct:4x2+al:1,"Special District Local Laws Code Ch. 1046, Sec. 1046.051",https://statutes.capitol.texas.gov/Docs/SD/htm/SD.1046.htm,
hospital,Karnes County Hospital District,Karnes County Hospital District,Karnes County,103226880,https://www.okmh.org,places:7,"Special District Local Laws Code Ch. 1048, Sec. 1048.051",https://statutes.capitol.texas.gov/Docs/SD/htm/SD.1048.htm,
hospital,Kimble County Hospital District,Kimble County Hospital District,Kimble County,103226888,,pool:7,"Special District Local Laws Code Ch. 1049, Sec. 1049.051",https://statutes.capitol.texas.gov/Docs/SD/htm/SD.1049.htm,
hospital,Knox County Hospital District,Knox County Hospital District,Knox County,103225860,,positions:5-7,"Special District Local Laws Code Ch. 1050, Sec. 1050.051",https://statutes.capitol.texas.gov/Docs/SD/htm/SD.1050.htm,Positions 1-4 are appointed by the Knox County Commissioners Court -- only elected positions 5-7 are minted.
hospital,Lavaca Hospital District,Lavaca Hospital District,Lavaca County,103227779,https://www.lavacamedicalcenter.com,places:7,"Special District Local Laws Code Ch. 1051, Sec. 1051.051",https://statutes.capitol.texas.gov/Docs/SD/htm/SD.1051.htm,
hospital,Lockney General Hospital District,Lockney General Hospital District,Floyd County,103226672,https://www.mangoldmemorial.org,pool:5,"Special District Local Laws Code Ch. 1052, Sec. 1052.051",https://statutes.capitol.texas.gov/Docs/SD/htm/SD.1052.htm,
hospital,Lynn County Hospital District,Lynn County Hospital District,Lynn County,103226443,https://lchdhealthcare.org,pool:7,"Special District Local Laws Code Ch. 1054, Sec. 1054.051",https://statutes.capitol.texas.gov/Docs/SD/htm/SD.1054.htm,
hospital,Marion County Hospital District,Marion County Hospital District,Marion County,103225520,,pool:7,"Special District Local Laws Code Ch. 1055, Sec. 1055.051",https://statutes.capitol.texas.gov/Docs/SD/htm/SD.1055.htm,
hospital,McCamey County Hospital District,McCamey County Hospital District,Upton County,103225852,https://www.mccameyhospital.org,pool:5,"Special District Local Laws Code Ch. 1058, Sec. 1058.051",https://statutes.capitol.texas.gov/Docs/SD/htm/SD.1058.htm,
hospital,McCulloch County Hospital District,McCulloch County Hospital District,Mcculloch County,103227609,,precinct:4x1+al:3,"Special District Local Laws Code Ch. 1059, Sec. 1059.051",https://statutes.capitol.texas.gov/Docs/SD/htm/SD.1059.htm,
hospital,Menard County Hospital District,Menard County Hospital District,Menard County,103227212,,pool:5,"Special District Local Laws Code Ch. 1060, Sec. 1060.051",https://statutes.capitol.texas.gov/Docs/SD/htm/SD.1060.htm,
hospital,Midland County Hospital District,"Midland County Hospital District",Midland County,103225556,https://www.midlandhealth.org,smd:7,"Special District Local Laws Code Ch. 1061, Sec. 1061.051",https://statutes.capitol.texas.gov/Docs/SD/htm/SD.1061.htm,
hospital,Mitchell County Hospital District,Mitchell County Hospital District,Mitchell County,103227064,https://WWW.MITCHELLCOUNTYHOSPITAL.COM,pool:7,"Special District Local Laws Code Ch. 1062, Sec. 1062.051",https://statutes.capitol.texas.gov/Docs/SD/htm/SD.1062.htm,
hospital,Montgomery County Hospital District,Montgomery County Hospital District,Montgomery County,103227610,https://mchd-tx.org,precinct:4x1+al:3,"Special District Local Laws Code Ch. 1063, Sec. 1063.051",https://statutes.capitol.texas.gov/Docs/SD/htm/SD.1063.htm,Precinct directors elected by precinct voters; at-large directors elected by position.
hospital,Muenster Hospital District,Muenster Hospital District,Cooke County,103227411,,pool:7,"Special District Local Laws Code Ch. 1067, Sec. 1067.051",https://statutes.capitol.texas.gov/Docs/SD/htm/SD.1067.htm,
hospital,Muleshoe Area Hospital District,Muleshoe Area Hospital District,Bailey County,103226550,,places:5,"Special District Local Laws Code Ch. 1068, Sec. 1068.051",https://statutes.capitol.texas.gov/Docs/SD/htm/SD.1068.htm,
hospital,Nacogdoches County Hospital District,Nacogdoches County Hospital District,Nacogdoches County,103227945,https://www.nachd.org/,precinct:4x1+al:3,"Special District Local Laws Code Ch. 1069, Sec. 1069.051",https://statutes.capitol.texas.gov/Docs/SD/htm/SD.1069.htm,
hospital,Ochiltree County Hospital District,Ochiltree County Hospital District,Ochiltree County,103226566,https://www.ochiltreehospital.com,pool:5,"Special District Local Laws Code Ch. 1071, Sec. 1071.051",https://statutes.capitol.texas.gov/Docs/SD/htm/SD.1071.htm,
hospital,Comanche County Consolidated Hospital District,Comanche County Consolidated Hospital District,Comanche County,103226950,,pool:6,"Special District Local Laws Code Ch. 1074, Sec. 1074.051",https://statutes.capitol.texas.gov/Docs/SD/htm/SD.1074.htm,
hospital,Stamford Hospital District,Stamford Hospital District,Jones County,103225518,https://www.stamfordhosp.com,pool:7,"Special District Local Laws Code Ch. 1075, Sec. 1075.051",https://statutes.capitol.texas.gov/Docs/SD/htm/SD.1075.htm,
hospital,Houston County Hosiptal District,Houston County Hospital District,Houston County,103227185,,places:9,"Special District Local Laws Code Ch. 1078, Sec. 1078.051",https://statutes.capitol.texas.gov/Docs/SD/htm/SD.1078.htm,
hospital,Jack County Hospital District,Jack County Hospital District,Jack County,103225847,https://fchtexas.com,places:5,"Special District Local Laws Code Ch. 1079, Sec. 1079.051",https://statutes.capitol.texas.gov/Docs/SD/htm/SD.1079.htm,
hospital,Nocona Hospital District,Nocona Hospital District,Montague County,103225528,https://www.noconageneral.com,pool:7,"Special District Local Laws Code Ch. 1081, Sec. 1081.051",https://statutes.capitol.texas.gov/Docs/SD/htm/SD.1081.htm,
hospital,North Wheeler County Hospital District,North Wheeler County Hospital District,Wheeler County,103225679,,precinct:2x2+al:1,"Special District Local Laws Code Ch. 1083, Sec. 1083.051",https://statutes.capitol.texas.gov/Docs/SD/htm/SD.1083.htm,"Two directors from each commissioners precinct included in the district (district covers two precincts) plus one at large -- 5 seats per Sec. 1083.051; precinct numbers not specified in statute, labelled Precinct A/B."
hospital,Rankin County Hospital District,Rankin County Hospital District,Upton County,103226368,https://rankinhospital.org,pool:5,"Special District Local Laws Code Ch. 1087, Sec. 1087.051",https://statutes.capitol.texas.gov/Docs/SD/htm/SD.1087.htm,
hospital,Reagan Hospital District,Reagan Hospital District,Reagan County,103227621,https://www.reaganheatlh.com,precinct:4x1+al:2,"Special District Local Laws Code Ch. 1088, Sec. 1088.051",https://statutes.capitol.texas.gov/Docs/SD/htm/SD.1088.htm,
hospital,Refugio County Memorial Hospital District,Refugio County Memorial Hospital District,Refugio County,103225608,https://refugiohospital.com,places:7,"Special District Local Laws Code Ch. 1090, Sec. 1090.051",https://statutes.capitol.texas.gov/Docs/SD/htm/SD.1090.htm,
hospital,Sabine County Hospital District,Sabine County Hospital District,Sabine County,103228578,,precinct:4x1+al:1,"Special District Local Laws Code Ch. 1092, Sec. 1092.051",https://statutes.capitol.texas.gov/Docs/SD/htm/SD.1092.htm,
hospital,Seminole Hospital District,Seminole Hospital District,Gaines County,103227592,https://www.seminolehospitaldistrict.com,smd:4+al:3,"Special District Local Laws Code Ch. 1094, Sec. 1094.051",https://statutes.capitol.texas.gov/Docs/SD/htm/SD.1094.htm,
hospital,South Limestone Hospital District,South Limestone Hospital District,Limestone County,103225873,http://groesbeckhospital.com/,pool:7,"Special District Local Laws Code Ch. 1096, Sec. 1096.051",https://statutes.capitol.texas.gov/Docs/SD/htm/SD.1096.htm,
hospital,Stonewal Memorial Hospital District,Stonewall County Hospital District,Stonewall County,103226241,https://stonewallhospital.org,places:5,"Special District Local Laws Code Ch. 1098, Sec. 1098.051",https://statutes.capitol.texas.gov/Docs/SD/htm/SD.1098.htm,
hospital,Sutton County Hospital District,Sutton County Hospital District,Sutton County,103225565,https://www.sonora-hospital.org,precinct:4x1+al:3,"Special District Local Laws Code Ch. 1101, Sec. 1101.051",https://statutes.capitol.texas.gov/Docs/SD/htm/SD.1101.htm,
hospital,Swisher Memorial Hospital District,Swisher Memorial Hospital District,Swisher County,103227562,,precinct:4x1+al:1,"Special District Local Laws Code Ch. 1103, Sec. 1103.051",https://statutes.capitol.texas.gov/Docs/SD/htm/SD.1103.htm,
hospital,Terry Memorial Hospital District,Terry Memorial Hospital District,Terry County,103225648,https://www.brownfield-rmc.org,pool:7,"Special District Local Laws Code Ch. 1105, Sec. 1105.051",https://statutes.capitol.texas.gov/Docs/SD/htm/SD.1105.htm,
hospital,Trinity Memorial Hospital District,Trinity Memorial Hospital District,Trinity County,103225684,https://trinitymemorialhospitaldistrict.org,places:9,"Special District Local Laws Code Ch. 1108, Sec. 1108.051",https://statutes.capitol.texas.gov/Docs/SD/htm/SD.1108.htm,
hospital,Wilbarger County Hospital District,Wilbarger County Hospital District,Wilbarger County,103225688,https://www.wghospital.com,positions:1-7,"Special District Local Laws Code Ch. 1113, Sec. 1113.051",https://statutes.capitol.texas.gov/Docs/SD/htm/SD.1113.htm,
hospital,Willacy County Hospital District,Willacy County Hospital District,Willacy County,103225736,https://willchd.org,precinct:4x2+al:1,"Special District Local Laws Code Ch. 1114, Sec. 1114.051",https://statutes.capitol.texas.gov/Docs/SD/htm/SD.1114.htm,
hospital,Wilson County Memorial Hospital District,Wilson County Memorial Hospital District,Wilson County,103225702,https://www.connallymmc.org,precinct:4x2+al:1,"Special District Local Laws Code Ch. 1115, Sec. 1115.051",https://statutes.capitol.texas.gov/Docs/SD/htm/SD.1115.htm,
hospital,Wood County Central Hospital District,"Wood County Central Hospital District",Wood County,103227640,,pool:7,"Special District Local Laws Code Ch. 1116, Sec. 1116.051",https://statutes.capitol.texas.gov/Docs/SD/htm/SD.1116.htm,Seven seats unless the district is expanded under Subchapter G or H (Mineola ISD annexation) -- expansion status not confirmed.
hospital,Yoakum Hospital District,Yoakum Hospital District,Lavaca County,103225627,,pool:7,"Special District Local Laws Code Ch. 1117, Sec. 1117.051",https://statutes.capitol.texas.gov/Docs/SD/htm/SD.1117.htm,
hospital,Somervell County Hospital District,Somervell County Hospital District,Somervell County,103225703,https://glenrosemedicalcenter.com,pool:7,"Special District Local Laws Code Ch. 1123, Sec. 1123.051",https://statutes.capitol.texas.gov/Docs/SD/htm/SD.1123.htm,
hospital,Chambers County Public Hospital District #1,Chambers County Public Hospital District No. 1,Chambers County,103225545,https://www.chambershealth.org,pool:5,district site: five-member at-large board of directors elected by voters of the district,https://www.chambershealth.org,
hospital,Winnie Stowell Hospital District,Winnie-Stowell Hospital District,Chambers County,103225923,http://wshd-tx.org/,pool:5,"district site: five-member elected Board of Directors, staggered four-year terms",http://wshd-tx.org/,
hospital,Medina County Hospital District DBA Medina Healthcare System,Medina County Hospital District,Medina County,103225995,https://www.medinahospital.net,precinct:4x1+al:3,"district site: seven elected directors, four by county precinct and three at large",https://www.medinahospital.net,
hospital,Coleman County Medical Center,Coleman County Medical Center Hospital District,Coleman County,103226603,https://colemancountymc.com,pool:7,district board site: board comprised of 7 members elected by county vote,http://www.ccmchospitaldistrictboard.com/about-us.html,"Official district name not confirmed; its board site calls it the ""CCMC Hospital District""."
hospital,Dimmit Regional Hospital District,Dimmit Regional Hospital District,Dimmit County,103226992,https://www.dimmitregional.com,pool:7,district site posts a notice of deadline to file for a place on the ballot; board member listing shows seven members (roster count),https://www.dimmitregionalhospital.com/getpage.php?name=district_board,
levee,Fort Bend County Levee Improvement District #6,Fort Bend County Levee Improvement District No. 6,Fort Bend County,103226198,https://www.fblid6.org,precinct:5x1,Water Code Sec. 57.058 (elected boards: five directors elected from precincts); district site: directors elected by position/district 1-5,https://statutes.capitol.texas.gov/Docs/WA/htm/WA.57.htm#57.058,
levee,Fort Bend County Levee Improvement District #15,Fort Bend County Levee Improvement District No. 15,Fort Bend County,103226271,https://www.fblid15.com,pool:5,"Water Code Sec. 57.058 (elected boards have five directors); district site posts May 2, 2026 general election candidate filing",https://statutes.capitol.texas.gov/Docs/WA/htm/WA.57.htm#57.058,Precinct structure under Sec. 57.058 not confirmed; seats modelled as an undifferentiated pool.
levee,Fort Bend County Levee Improvement District #19,Fort Bend County Levee Improvement District No. 19,Fort Bend County,103225953,https://www.fblid19.com,pool:5,Water Code Sec. 57.058 (elected boards have five directors); district site posts director election documents,https://statutes.capitol.texas.gov/Docs/WA/htm/WA.57.htm#57.058,Precinct structure under Sec. 57.058 not confirmed; seats modelled as an undifferentiated pool.
library,Benbrook Library District,Benbrook Library District,Tarrant County,103228322,https://www.benbrooklibrary.org,pool:5,Local Government Code Sec. 326.041/326.043 (five elected trustees); district site confirms elected trustees,https://statutes.capitol.texas.gov/Docs/LG/htm/LG.326.htm#326.041,
library,Blanco County South Library District,Blanco County South Library District,Blanco County,103226935,https://www.blancolibrary.org,pool:5,Local Government Code Sec. 326.041/326.043 (five elected trustees); district site confirms elected trustees,https://statutes.capitol.texas.gov/Docs/LG/htm/LG.326.htm#326.041,
library,Canyon Lake Community Library District,Canyon Lake Community Library District,Comal County,103225763,https://www.tpml.org,pool:5,Local Government Code Sec. 326.041/326.043 (five elected trustees); district site confirms elected trustees,https://statutes.capitol.texas.gov/Docs/LG/htm/LG.326.htm#326.041,
library,Dripping Springs Community Library District,Dripping Springs Community Library District,Hays County,103225589,https://www.dscl.org,pool:5,Local Government Code Sec. 326.041/326.043 (five elected trustees); district site confirms elected trustees,https://statutes.capitol.texas.gov/Docs/LG/htm/LG.326.htm#326.041,
library,East Travis Gateway Library District,East Travis Gateway Library District,Travis County,103227767,https://www.dvlibraries.org,pool:5,Local Government Code Sec. 326.041/326.043 (five elected trustees); district site confirms elected trustees,https://statutes.capitol.texas.gov/Docs/LG/htm/LG.326.htm#326.041,
library,Lake Travis Community Library District,Lake Travis Community Library District,Travis County,103227689,https://laketravislibrary.org,pool:5,Local Government Code Sec. 326.041/326.043 (five elected trustees); district site confirms elected trustees,https://statutes.capitol.texas.gov/Docs/LG/htm/LG.326.htm#326.041,
library,Timpson Public Library District,Timpson Public Library District,Shelby County,103227790,https://www.timpsonlibrary.org,pool:5,Local Government Code Sec. 326.041/326.043 (five elected trustees); district site confirms elected trustees,https://statutes.capitol.texas.gov/Docs/LG/htm/LG.326.htm#326.041,
library,Wells Branch Community Library District,Wells Branch Community Library District,Travis County,103225698,https://www.wblibrary.org,pool:5,Local Government Code Sec. 326.041/326.043 (five elected trustees); district site confirms elected trustees,https://statutes.capitol.texas.gov/Docs/LG/htm/LG.326.htm#326.041,
library,Westbank Community Library District,Westbank Community Library District,Travis County,103225533,https://www.westbanklibrary.com,pool:5,Local Government Code Sec. 326.041/326.043 (five elected trustees); district site confirms elected trustees,https://statutes.capitol.texas.gov/Docs/LG/htm/LG.326.htm#326.041,
library,Salado Public Library District,Salado Public Library District,Bell County,103227735,https://saladolibrary.org,pool:5,Local Government Code Sec. 326.041/326.043 (five elected trustees); district site confirms elected trustees,https://statutes.capitol.texas.gov/Docs/LG/htm/LG.326.htm#326.041,
mmd,Craver Ranch Municipal Management District No. 1,Craver Ranch Municipal Management District No. 1,Collin County,103228706,https://www.winsteadspecialdistricts.com/denton-county/craver-ranch-municipal-management-district-no,pool:5,Special District Local Laws Code Ch. 4020 (board-composition section),https://statutes.capitol.texas.gov/Docs/SD/htm/SD.4020.htm,
mmd,Fort Bend County Municipal Management District #1,Fort Bend County Municipal Management District No. 1,Fort Bend County,103227281,,pool:5,Special District Local Laws Code Ch. 3927 (board-composition section),https://statutes.capitol.texas.gov/Docs/SD/htm/SD.3927.htm,
mmd,Gateway Park Municipal Management District,Gateway Park Municipal Management District,Wharton County,103228065,https://www.winsteadspecialdistricts.com/wharton-county/gateway-park-municipal-management-district/,pool:3,Special District Local Laws Code Ch. 3985 (board-composition section),https://statutes.capitol.texas.gov/Docs/SD/htm/SD.3985.htm,Board is five directors: three elected under Water Code Ch. 49 Subch. D (minted) and two appointed by the city (not minted).
mmd,Generation Park Management District,Generation Park Management District,Harris County,103226017,,pool:5,Special District Local Laws Code Ch. 3916 (board-composition section),https://statutes.capitol.texas.gov/Docs/SD/htm/SD.3916.htm,Temporary directors serve until permanent directors are elected under Water Code Sec. 49.102.
mmd,Joshua Farms Municipal Management District #1,Joshua Farms Municipal Management District No. 1,Johnson County,103226974,https://www.winsteadspecialdistricts.com/johnson-county/joshua-farms-municipal-management-district-n,pool:5,Special District Local Laws Code Ch. 3926 (board-composition section),https://statutes.capitol.texas.gov/Docs/SD/htm/SD.3926.htm,
mmd,Joshua Farms Municipal Management District #2,Joshua Farms Municipal Management District No. 2,Johnson County,103226976,https://www.winsteadspecialdistricts.com/johnson-county/joshua-farms-municipal-management-district-n,pool:5,Special District Local Laws Code Ch. 3929 (board-composition section),https://statutes.capitol.texas.gov/Docs/SD/htm/SD.3929.htm,
mmd,New Park MMD,New Park Municipal Management District,Dallas County,103228211,https://www.winsteadspecialdistricts.com/dallas-county/new-park-municipal-management-district/,pool:5,Special District Local Laws Code Ch. 3966 (board-composition section),https://statutes.capitol.texas.gov/Docs/SD/htm/SD.3966.htm,
mmd,Old Celina MMD No. 1,Old Celina Municipal Management District No. 1,Collin County,103228213,https://www.winsteadspecialdistricts.com/collin-county/old-celina-municipal-management-district-no-1,pool:5,Special District Local Laws Code Ch. 3919 (board-composition section),https://statutes.capitol.texas.gov/Docs/SD/htm/SD.3919.htm,
mmd,Plum Creek Management District No. 1,Plum Creek Management District No. 1 of Liberty County,Liberty County,103228429,,pool:5,Special District Local Laws Code Ch. 3982 (board-composition section),https://statutes.capitol.texas.gov/Docs/SD/htm/SD.3982.htm,Temporary directors serve until permanent directors are elected under Water Code Sec. 49.102.
mmd,Prairie Ridge Municipal Management District #1,Prairie Ridge Municipal Management District No. 1,Ellis County,103226977,,pool:5,Special District Local Laws Code Ch. 3954 (board-composition section),https://statutes.capitol.texas.gov/Docs/SD/htm/SD.3954.htm,
mmd,Prairie View Municipal Management District No. 1,Prairie View Municipal Management District No. 1,Potter County,103228391,https://www.winsteadspecialdistricts.com/potter-county/prairie-view-municipal-management-district-no,pool:5,Special District Local Laws Code Ch. 3939 (board-composition section),https://statutes.capitol.texas.gov/Docs/SD/htm/SD.3939.htm,
mmd,SH130 Municipal Management District #1,SH130 Municipal Management District No. 1,Travis County,103228064,,pool:5,Special District Local Laws Code Ch. 3971 (board-composition section),https://statutes.capitol.texas.gov/Docs/SD/htm/SD.3971.htm,
mmd,SoGood Cedars MMD,SoGood Cedars Municipal Management District,Dallas County,103228214,https://www.winsteadspecialdistricts.com/dallas-county/sogood-cedars-municipal-management-district/,pool:5,Special District Local Laws Code Ch. 3963 (board-composition section),https://statutes.capitol.texas.gov/Docs/SD/htm/SD.3963.htm,
mmd,Sterrett Road MMD,Sterrett Road Municipal Management District,Ellis County,103228215,https://www.winsteadspecialdistricts.com/ellis-county/sterrett-road-municipal-management-district/,pool:5,Special District Local Laws Code Ch. 3959 (board-composition section),https://statutes.capitol.texas.gov/Docs/SD/htm/SD.3959.htm,
mmd,University Hills Municipal Management District,University Hills Municipal Management District,Dallas County,103228022,https://www.winsteadspecialdistricts.com/dallas-county/university-hills-municipal-management-distric,pool:5,Special District Local Laws Code Ch. 3947 (board-composition section),https://statutes.capitol.texas.gov/Docs/SD/htm/SD.3947.htm,
mmd,Vineyard Municipal Management District,Vineyard Municipal Management District No. 1,Williamson County,103226955,https://www.winsteadspecialdistricts.com/williamson-county/vineyard-municipal-management-district-no,pool:5,Special District Local Laws Code Ch. 3933 (board-composition section),https://statutes.capitol.texas.gov/Docs/SD/htm/SD.3933.htm,
mmd,Windsor Hills MMD No. 1,Windsor Hills Municipal Management District No. 1,Ellis County,103228216,https://www.winsteadspecialdistricts.com/ellis-county/windsor-hills-municipal-management-district-no,pool:5,Special District Local Laws Code Ch. 3946 (board-composition section),https://statutes.capitol.texas.gov/Docs/SD/htm/SD.3946.htm,
mmd,Viridian Municipal Management District,Viridian Municipal Management District,Tarrant County,103226770,https://viridianmmd.com,pool:2,Special District Local Laws Code Ch. 3861 (board-composition section),https://statutes.capitol.texas.gov/Docs/SD/htm/SD.3861.htm,Board is five directors: two elected at large (minted) and three appointed by the mayor and city governing body (not minted).
