reason,type,spd_publ_id,district_name,minted_seats,reported_count,latest_year,names
site_roster_mismatch,hospital,103225518,Stamford Hospital District,7,7,2026,Ryan Vaughan (Board Member); Gary Decker (Vice President); Stormy Higgins (Board Member); Sutton Page (President); Kelly Jones (Board Member); Jim Astin (Board Member); Mark Lundgren (Secretary) | NOT ON SITE (https://www.stamfordhosp.com): Jim Astin
site_unverified,hospital,103225520,Marion County Hospital District,7,7,2025,Jodie Harris (Director); Tammy Cornett (Chair); Paulette Cooper (Treasurer); Michelle Ready (Director); Vivian Foster (Director); Susan Anderson (Secretary); Karen Kent (Vice-Chair) | NOT ON SITE (https://statutes.capitol.texas.gov/Docs/SD/htm/SD.1055.htm): 
site_roster_mismatch,hospital,103225528,Nocona Hospital District,7,7,2026,Charles May (Board Chairman); Ronald Brown (Board Member); Kristal Ferguson (Board Member); Paula Webb (Board Member); Chris Keck (Board Secretary); Kenneth Koontz (Board Vice Chairman); De Brown (Board Member) | NOT ON SITE (https://www.noconageneral.com): Ronald Brown; De Brown
structured_seat_unmapped,hospital,103225556,Midland County Hospital District,7,7,2026,"Jeremy Bishop (Director); Bryan Jarman (Director); Shannon Goldapp (Director); Link Grimes (Vice President); Tommy Flores (Director); Tracie Greene (Director); Cari Lamar (Director, President) | SEATS: district-1, district-2, district-3, district-4, district-5, district-6, district-7"
structured_seat_unmapped,hospital,103225565,Sutton County Hospital District,7,7,2026,"John Henry Strauch (Board Member); Ben Pool (Board Member); Mary Humphrey (Board Member); Sofia Galindo (Board Member); Sharon Holman (Board Member); Edward Earwood (Board Member); Noemi Samaniego (Board Member) | SEATS: at-large-1, at-large-2, at-large-3, precinct-1, precinct-2, precinct-3, precinct-4"
site_roster_mismatch,library,103225589,Dripping Springs Community Library District,5,5,2026,Marcie Cochran (Board Trustee); Paul Schreier (Board Treasurer); Melva Codina (Board Secretary); Bob Richardson (Library Bd Vice Pres); Missy Atwood (Library Bd President) | NOT ON SITE (https://www.dscl.org): Marcie Cochran
structured_seat_unmapped,hospital,103225608,Refugio County Memorial Hospital District,7,7,2026,"Brad Gillespie (Board Member); Sandra Ermis (President); Bob Koonce (Board Member); Lydia Aguirre (Board Member); Robert Shaw (Board Member); Harry Lawson (Secretary); Kenneth Wright (Vice President) | SEATS: place-1, place-2, place-3, place-4, place-5, place-6, place-7"
site_roster_not_found,esd,103225625,Smith County Emergency Services District #1,5,5,2026,Owen Scott (Treasurer); Carolyn Todd (President); Cory Crowell (Assistant Treasurer); Louie Brown (Vice-President); Charles Froebe (Secretary) | NOT ON SITE (https://Safe-d.org): Owen Scott; Carolyn Todd; Cory Crowell; Louie Brown; Charles Froebe
site_unverified,hospital,103225627,Yoakum Hospital District,7,7,2026,Elaine G. Albrecht (Vice President); Linda Schmidt (President); Clay Hermann (Treasurer); Harry Sherman (Director); Mary Jo Leahy (Director); Ron M. White (Director); Cynthia Morris (Secretary) | NOT ON SITE (https://statutes.capitol.texas.gov/Docs/SD/htm/SD.1117.htm): 
site_roster_not_found,esd,103225633,Harris County Emergency Services District #28,5,5,2026,Edson Dronberger (Vice-President); Erika Smiley (Director); Shirley Jauma (Secretary); Ken Koenig (Treasurer); Mike Jenkins (President) | NOT ON SITE (https://www.esd28.com): Edson Dronberger; Erika Smiley; Shirley Jauma; Ken Koenig; Mike Jenkins
site_roster_not_found,hospital,103225648,Terry Memorial Hospital District,7,7,2026,Justin Hesse (Director); Brian Paiva (Director); June Cooper (Chairman); Joe Silva (Director); Jeffrey Davis (Secretary); Charles Nave (Vice Chairman); Kelli Mendez (Director) | NOT ON SITE (https://www.brownfield-rmc.org): Justin Hesse; Brian Paiva; June Cooper; Joe Silva; Jeffrey Davis; Charles Nave; Kelli Mendez
site_unverified,esd,103225649,Harris County Emergency Services District #13,5,5,2026,Vincent Tobin (President); Casey Estilette (Vice President); Joanne Arosell (Assistant Treasurer); Elizabeth Fletcher (Secretary); Scott Johnson (Treasurer) | NOT ON SITE (https://www.hcesd13.org): 
site_roster_mismatch,esd,103225665,Harris County Emergency Services District #3,5,5,2026,Robert Carvell (Treasurer); Daniel Twardowski (Vice President); Harold McDonald (President); Cody Herring (Assistant Secretary); Patricia Diehl (Secretary) | NOT ON SITE (https://www.hcesd3.org): Harold McDonald
site_roster_mismatch,esd,103225668,Harris County Emergency Services District #75,5,5,2026,Robert Wagnon (President); Brenda Marsh (Treasurer); Ernest Nuckols (Assistant Secretary); Leslie McDonald (Vice President); Yvette Bazan (Secretary) | NOT ON SITE (https://www.hcesd75.org): Leslie McDonald
site_roster_mismatch,esd,103225669,Harris County Emergency Services District #4,5,5,2026,Ray Jones (President); Christy Graves (Secretary); Wyatt Watkins (Asst. Sec-Treas); Robin May (Vice President); Shareen Redus (Treasurer) | NOT ON SITE (https://www.harriscountyesd4.com): Christy Graves; Wyatt Watkins
site_unverified,hospital,103225679,North Wheeler County Hospital District,5,5,2026,Janie VanZandt (Vice Chair); Deresa Rhine (Board Member); Shelly Teichmann (Board Member); Brenda Sparlin (Board Member); Ken Daughtry (Board Member) | NOT ON SITE (https://statutes.capitol.texas.gov/Docs/SD/htm/SD.1083.htm): 
structured_seat_unmapped,hospital,103225684,Trinity Memorial Hospital District,9,9,2026,"Michelle Medlock (Board Member); Deana Shelly (Board Member); Steve Hancock (Vice President); Patricia Rogers (Board Member); Cheryl Spearman (Secretary); Sunnie Frye (Board Member); Laura Huffman (Board Member); Randy Karnes (Board Member); Marjory Pulvino (President) | SEATS: place-1, place-2, place-3, place-4, place-5, place-6, place-7, place-8, place-9"
stale,hospital,103225688,Wilbarger County Hospital District,7,8,2024,James Riggins (Member); Britt Ferguson (Member); Pam Caldwell (Secretary); Gene White (Member); Melissa Conner (Member); Robert Webb (Member); Kathy Craighead (Member); Walter David Worrall (Member) | NOT ON SITE (https://www.wghospital.com): Walter David Worrall
structured_seat_unmapped,hospital,103225694,Angleton-Danbury Hospital District,9,9,2026,"Melba Beken (Ms.); Waverly Jefferson (Mr.); Nancy Davis (Ms.); Gayle Parsons (Ms.); Deborah Pennington (Ms.); Don Nigbor (Mr.); Henry Munson (Mr.); Mike Johnson (Dr.); David Smith (Mr.) | SEATS: position-1, position-2, position-3, position-4, position-5, position-6, position-7, position-8, position-9"
headcount_under,hospital,103225702,Wilson County Memorial Hospital District,9,8,2026,Randy Bruett (Board Member); Steve Browning (Board Member); Allison Lamberth (Board Member); Bob Gillespie (Ceo); Marcelo Laijas (Board Member); Larry Richardson (Board Chairman); Justin Cook (Board Member); Don Finley (Board Member)
site_roster_not_found,hospital,103225703,Somervell County Hospital District,7,7,2026,Dr. Steven Vacek (Member); Margaret Drake (Member); Max Bly (Vice President); Mary Collier (Member); Tracy Byers (Member); Ron Hankins (President); Joe Cathey (Member) | NOT ON SITE (https://glenrosemedicalcenter.com): MARGARET DRAKE; Max Bly; MARY COLLIER; Tracy Byers; RON HANKINS; JOE CATHEY
site_unverified,hospital,103225718,Donley County Hospital District,7,7,2026,Nikki Adams (Director); Rose Lemley (Director); Mark White (President); Cindy Gaither (Director); Cindy Shelton (Director); Jan Farris (Director); Lori Howard (Director) | NOT ON SITE (https://statutes.capitol.texas.gov/Docs/SD/htm/SD.1021.htm): 
site_roster_mismatch,hospital,103225728,Hunt Memorial Hospital District,9,9,2026,Wesley Oswald (Member); Scott Pierce (Chairman); William Helton (Member); John Nelson (Member); Leslie Killgore (Member); Michael Taylor (Vice Chairman); Janet Peek (Member); Julia Wensel (Member); Deborah Clack (Member) | NOT ON SITE (https://www.huntregional.org): Scott Pierce; William Helton; Janet Peek
site_roster_mismatch,hospital,103225736,Willacy County Hospital District,9,9,2026,"Jo Ann L. Posas (Director); Maria Guadalupe Pruneda-Garza (Director); Michelle Rodriguez-Zamarron, Rn-bsn (Director); Ilene F. Nyquist (Secretary-Treasurer); Rosa Lee Pedraza (President); George Mukhar (Vice President); Mr. Ariel Rebeles (Director); Jaime Salazar (Director); Mirna Gonzales (Director) | NOT ON SITE (https://willchd.org): Michelle Rodriguez-Zamarron, RN-BSN"
site_roster_mismatch,library,103225763,Canyon Lake Community Library District,5,5,2026,Cheryl Pantermuehl (Board Vice President); Robert Arnold (Treasurer); Susan Bogle (Board President); Charlie Khan (Trustee); Savannah Allen (Secretary) | NOT ON SITE (https://www.tpml.org): Charlie Khan
site_unverified,hospital,103225833,Jackson County Hospital District,9,9,2026,Tammy Gendke (Mrs); Jimmy Lopez (Mr); Chris Lundstrum (Mrs); Jamie Stuhrenberg (Mr); Dustin Hicks (Mr.); Jim Kaelin (Mr); Janet Chanek (Mrs); David Darilek (Mr); Debbie Schneider (Ms.) | NOT ON SITE (https://jchd.org): 
site_roster_mismatch,hospital,103225835,Gonzales Healthcare Systems,9,9,2026,Greg Tieken (Vice President); Jean Burns (Board Member); Wayne South (Board Member); Lisa Gindler (Board Member); Gene Reed (Board Member); David Malaer (Board Member); Kenneth Gottwald (President); Sascha Kardoza (Board Member); Stephanie Kodack (Secretary) | NOT ON SITE (https://www.gonzaleshealthcare.com): Wayne South; Sascha Kardoza
site_roster_not_found,esd,103225844,Harris County Emergency Services District #47,5,5,2026,Michael Miller (Treas Invest Officer); Mitchell Copeland (President); Brian Havran (Secretary Pub Info); Gilberto Porras (Asst Sec Asst Treas); Louis Rando (Commissioner) | NOT ON SITE (https://www.hcesd47.com): Michael Miller; Mitchell Copeland; Gilberto Porras; Louis Rando
site_roster_mismatch,hospital,103225847,Jack County Hospital District,5,5,2026,Jacey Brittain (Board Memeber); Larry Hopwood (Board Member); Peter Armstrong (Board Member); Heather Sisson (Board Member); Lori McBrayer (Board President) | NOT ON SITE (https://fchtexas.com): Larry Hopwood
site_unverified,hospital,103225860,Knox County Hospital District,3,7,2026,Larry Welch (Member); Judy Hobert (Vice President); Joann Albus (Secretary); Tracy Cartwright (President); Barbara Barnard (Member); Jennifer Carver (Member); Daniel Wainscott (Member) | NOT ON SITE (https://statutes.capitol.texas.gov/Docs/SD/htm/SD.1050.htm): 
site_roster_mismatch,hospital,103225873,South Limestone Hospital District,7,7,2026,Christina Lockhart (.); Danny Hewitt (President); Arnold Gray (.); Keith Collier (.); Kent Wilson (Vice President); Glenda O'Neal (Secretary.Treasurer); Tyrell Hobbs (.) | NOT ON SITE (http://groesbeckhospital.com/): Glenda O'Neal
site_unverified,hospital,103225920,Garza County Health Care District,5,5,2026,Cynthia Mason (Secretary); Brittney Carson (Board Member); Mendy Dalby (Vice President); Heather Whetsel (Board Member); Randy Conner (President) | NOT ON SITE (https://statutes.capitol.texas.gov/Docs/SD/htm/SD.1031.htm): 
headcount_under,hospital,103225923,Winnie-Stowell Hospital District,5,4,2026,Jeff Rollo (Secretary); Robert Way (Treasurer); Edward Murrell (President); Anthony Stramecki (Vice President)
stale,hospital,103225995,Medina County Hospital District,7,7,2024,Zachary Windrow (Board Member); Tim Hardt (Board President); Carlton Young (Vice President); Judy Winkler (Board Member); Tony Johnson (Secretary); Mary Mangold (Board Member); William Bain (Board Member)
site_unverified,mmd,103226017,Generation Park Management District,5,5,2026,"Davis Rushing (Secretary); Jonathan C Tauber (Assistant Secretary); Brent Hodges (Assistant Secretary); John Deboben, III (Vice President); Charles Neuhaus (President) | NOT ON SITE (https://statutes.capitol.texas.gov/Docs/SD/htm/SD.3916.htm): "
structured_seat_unmapped,levee,103226198,Fort Bend County Levee Improvement District No. 6,5,5,2026,"Felecia Alexander (Ms.); Patrick Nguyen (Mr.); David Vrshek (Mr.); Richard Wasser (Mr.); Christopher Read (Mr.) | SEATS: precinct-1, precinct-2, precinct-3, precinct-4, precinct-5"
site_roster_mismatch,hospital,103226241,Stonewall County Hospital District,5,5,2026,Renee Spikes (Member); Belinda Page (Member); Ruthie Elkins (Board Member); Ellen Abernathy (President); Claire Clarke (Board Member) | NOT ON SITE (https://stonewallhospital.org): Claire Clarke
site_roster_not_found,hospital,103226368,Rankin County Hospital District,5,5,2026,Paul Prewozniak (Vice President); Tracy Clanton (President); Andrea Garza (Member); Linda Dusek (Secretary); Wilson Marshall (Member) | NOT ON SITE (https://rankinhospital.org): Paul Prewozniak; Tracy Clanton; Andrea Garza; Linda Dusek; Wilson Marshall
structured_seat_unmapped,hospital,103226389,Frio Hospital District,9,9,2026,"Danny Pawlik (President); Billie Heiser (Member); Victor Vinton (Vice President); Jason Surles (Secretary); Gabriel Mainez (Director); Steve Beever (Member); Daniel Mosley (Director); Robert Hinnant (Member); Mary Jo Wilson (Member) | SEATS: at-large, precinct-1-seat-1, precinct-1-seat-2, precinct-2-seat-1, precinct-2-seat-2, precinct-3-seat-1, precinct-3-seat-2, precinct-4-seat-1, precinct-4-seat-2"
stale,hospital,103226395,Concho County Hospital District,7,7,2024,Rosa Schreiber (Member); Jonathan Brent Frazier (Vice President); Donna Magill (Secretary Treasurer); Anita Aguilar (President); Brandi Gloria (Member); James Rannefeld (Member); Elizabeth Eureste (Member) | NOT ON SITE (https://statutes.capitol.texas.gov/Docs/SD/htm/SD.1016.htm): 
site_unverified,hospital,103226443,Lynn County Hospital District,7,7,2026,Mary Gayle Raindl (Ms.); Jana Bishop (Mrs.); Calloway Huffaker (President); Mike Rivas (Mr.); Julie Bass (Mrs.); Jenny McLelland (Mrs.); Sarah Cook (Mrs.) | NOT ON SITE (https://lchdhealthcare.org): 
site_roster_not_found,hospital,103226456,Fisher County Hospital District,5,5,2026,Beverly Rister (Member); Sarah McLen (Vice-President); CleDon Coffman (President); Marcus Reid Cave (Member); Terry Coker (Member) | NOT ON SITE (https://fishercountyhospital.com): Beverly Rister; Sarah McLen; CleDon Coffman; Marcus Reid Cave; Terry Coker
site_roster_mismatch,esd,103226498,Bastrop-Travis Counties Emergency Services District #1,5,5,2026,Nick Teague (Vice President); Brian Henson (Secretary); Damon Doss (Commissioner); Larry Moseley (President); Ramiro Garza (Treasurer) | NOT ON SITE (https://www.nbcfr.com): Damon Doss; Ramiro Garza
site_roster_not_found,hospital,103226502,Deaf Smith County Hospital District,7,7,2026,Chris Woodard (Board Member); Tanner Black (Board Member); Kevin Bunch (Board Member); Carla Purcella (Board Member); Tim Laws (Board Member); Troyce Sturgess (Board Member); Robert DeLaCruz (Board Member) | NOT ON SITE (https://dschd.org): CHRIS WOODARD; TANNER BLACK; Kevin Bunch; Carla Purcella; Tim Laws; Troyce Sturgess; Robert DeLaCruz
site_unverified,hospital,103226550,Muleshoe Area Hospital District,5,5,2026,Landon Nichols (President); Carla Ambriz (Board Member); Todd Shipman (Vice President); Scott Miller (Board Member); Gayle Richerson (Secretary) | NOT ON SITE (https://statutes.capitol.texas.gov/Docs/SD/htm/SD.1068.htm): 
site_unverified,esd,103226555,Harris County Emergency Services District #9,5,5,2026,Bevin Gordon (Treasurer); Naressa MacKinnon (President); Jaime Martinez (Asst. Treasurer); Cameron Dickey (Vice President); Robert Paiva (Secretary) | NOT ON SITE (https://www.hcesd9.org): 
site_roster_not_found,hospital,103226603,Coleman County Medical Center Hospital District,7,7,2026,James Pelton (Member); Danyelle Hemphill (Member); Deborah Long (Member); Manuel Salazar (Member); Mary Griffis (President); Sarah Beal (Secretary); Marvin Hale (Member) | NOT ON SITE (https://colemancountymc.com): James Pelton; Danyelle Hemphill; Deborah Long; Manuel Salazar; Mary Griffis; Sarah Beal; Marvin Hale
site_roster_not_found,hospital,103226672,Lockney General Hospital District,5,5,2026,Becky McPherson (Member); D'Lyn Morris (Mrs.); Zach Cummings (Member); Brent Barker (President); Marlon McDonald (Member) | NOT ON SITE (https://www.mangoldmemorial.org): Becky McPherson; D'Lyn Morris; Zach Cummings; Brent Barker
site_unverified,hospital,103226734,Darrouzett Hospital District,6,6,2025,Kaycee Long (Member); Nancy Barnett (Board Member); Katy Cantu (Secretary-Treasurer); Sam Schwerzenbach (Board Member); Kim Butler (Board Member); Lane Hill (Board Member) | NOT ON SITE (https://statutes.capitol.texas.gov/Docs/SD/htm/SD.1019.htm): 
structured_seat_unmapped,esd,103226737,Smith County Emergency Services District #2,5,5,2026,"Scotty Thorton (Records Mgmt Officer); Johnny Brown (President); Brent Dominy (Treasurer); Charles Wilson (Vice President); Arnold Lester (Asst Treasurer) | SEATS: district-1, district-2, district-3, district-4, district-5"
site_roster_not_found,esd,103226768,Orange County Emergency Services District #2,5,5,2026,Christopher Landry (Treasurer); Glen Childers (Vp); Wesley Arnold (Asst. Treasurer); Carroll LeBlanc (President); Scott Barnes (Secretary) | NOT ON SITE (https://ocesd2.org/): Christopher Landry; Glen Childers; Wesley Arnold; Carroll LeBlanc; Scott Barnes
site_roster_mismatch,mmd,103226770,Viridian Municipal Management District,2,5,2026,Terry Bertrand (Mr.); David DeVries (Mr.); John Smith (Mr.); Michelle Deuell (Ms.); Denise Clifton (Ms.) | NOT ON SITE (https://viridianmmd.com): Michelle Deuell
site_unverified,esd,103226777,Harris County Emergency Services District #24,5,5,2026,Eva Garcia (Asst Treas.Sec.); Maria Gomez (Secretary); Jerry Loyd (President); Lee Spilman (Treasurer); Sandy Lawson (Vice President) | NOT ON SITE (https://www.hcesd24.org): 
site_roster_not_found,esd,103226783,Harris County Emergency Services District #7,5,5,2026,Jessica Babendure (Vice President); David Mills (Treasurer); Melanie Gander (President); Jonathan Zitzmann (Secretary); Bob Schmanski (Assistant Treasurer) | NOT ON SITE (https://www.hcesd7.org): Jessica Babendure; David Mills; Melanie Gander; Jonathan Zitzmann; Bob Schmanski
site_roster_not_found,hospital,103226880,Karnes County Hospital District,7,7,2026,Rita Jordan (Director); Wilfred Dziuk (Secretary); Richard Robinson (Director); Ray Rossett (President); David Purser (Director); Margie Tamez (Director); Gretchen Dupnik (Vice President) | NOT ON SITE (https://www.okmh.org): Rita Jordan; Wilfred Dziuk; Richard Robinson; Ray Rossett; David Purser; Margie Tamez; Gretchen Dupnik
site_unverified,hospital,103226888,Kimble County Hospital District,7,7,2026,Hettie Allsup (Member); Bill Simon (President); Michael Gosney (Treasurer); Lewis Allen (Member); Gary Gilliam (Member); Paul Bierschwale (Member); David Larson (Member) | NOT ON SITE (https://statutes.capitol.texas.gov/Docs/SD/htm/SD.1049.htm): 
site_unverified,hospital,103226950,Comanche County Consolidated Hospital District,6,6,2026,Jerry Morgan (Member); Gil Gilbert (Vice President); Joe Locke (President); Marvin McKinnon (Member); Mark Beaty (Member); Kimberly Lampman (Member) | NOT ON SITE (https://statutes.capitol.texas.gov/Docs/SD/htm/SD.1074.htm): 
no_data,mmd,103226955,Vineyard Municipal Management District No. 1,5,0,,
site_unverified,mmd,103226974,Joshua Farms Municipal Management District No. 1,5,5,2026,Travis Franks (Director); Mike Pazera (Director); William Ty Wellborn (Director); Tommy Pistana (Director); Wynne Moore (Director) | NOT ON SITE (https://www.winsteadspecialdistricts.com/johnson-county/joshua-farms-municipal-management-district-n): 
no_data,mmd,103226976,Joshua Farms Municipal Management District No. 2,5,0,,
no_data,mmd,103226977,Prairie Ridge Municipal Management District No. 1,5,0,,
site_roster_mismatch,hospital,103226992,Dimmit Regional Hospital District,7,6,2026,Ricardo Martinez Jr (Member); Silvestre Cavasos (Secretary); Alfredo Castaneda Jr. (Member); Paula Seydel (Member); Maria Ponce (Member); Cleo Bustamante (Chairman) | NOT ON SITE (https://www.dimmitregional.com): Ricardo Martinez Jr; Alfredo Castaneda Jr.
site_roster_not_found,hospital,103227064,Mitchell County Hospital District,7,7,2026,Donna Goebel (Member); Maria Rubio (Member); Helen Edwards (Member); Richy Womack (Member); Henryk Olstowski (Member); Kaleb Jackson (Member); Marsha Rickard (Secretary) | NOT ON SITE (https://WWW.MITCHELLCOUNTYHOSPITAL.COM): Donna Goebel; Maria Rubio; Helen Edwards; Richy Womack; Henryk Olstowski; Kaleb Jackson; Marsha Rickard
site_unverified,hospital,103227185,Houston County Hospital District,9,9,2026,Jarvis Mcelhany (Vice President); Harvey Bruner (Board Member); Tami McCreight (Member); Debbie Kelly (Secretary); Roy Langford (President); Robert Grier (Member); Carol Dawson (Member); Barbara Crowson (Member); Monica Pierre (Member) | NOT ON SITE (https://statutes.capitol.texas.gov/Docs/SD/htm/SD.1078.htm): 
site_unverified,hospital,103227211,Fairfield Hospital District,7,7,2026,Brent Moore (Secretary); Vance Oglesbee (Vice-President); Carman Mannen (Member); Danny Wren (Member); Lisa Tate (Member); David Lott (Member); George Robinson (President) | NOT ON SITE (https://statutes.capitol.texas.gov/Docs/SD/htm/SD.1015.htm): 
stale,hospital,103227212,Menard County Hospital District,5,5,2024,George Corbin (Board Member); Melanye Wilkinson (Board Member); Janis Cordes (President); Sheridan Duncan (Treasurer); Jo Nell Wilkinson (Secretary) | NOT ON SITE (https://statutes.capitol.texas.gov/Docs/SD/htm/SD.1060.htm): 
stale,hospital,103227232,Eastland Memorial Hospital District,9,9,2024,"Kael Joiner (Vice President); Nancy Stewart (President); Carolyn White (Board Member); Melissa Moylan (Secretary); Rebecca Galyean (Board Member); Richard Barron (Treasurer); Donald Hughes (Board Member); William H Hoffmann, Jr. (Board Member); Kelly Skinner (Board Member) | NOT ON SITE (https://eastlandmemorial.com): Carolyn White; Rebecca Galyean; Kelly Skinner"
site_unverified,hospital,103227270,Culberson County Hospital District,5,4,2026,Cheryl Owen (Director); Edwin Easley (Director); Lindsey Tyrrell (Secretary); Laura Reyes (President) | NOT ON SITE (https://statutes.capitol.texas.gov/Docs/SD/htm/SD.1017.htm): 
site_unverified,mmd,103227281,Fort Bend County Municipal Management District No. 1,5,5,2026,Michael Madden (Secretary); Ricky Garza (President); Sergio Espinosa (Assistant Secretary); Doug Adolph (Assistant Secretary); John Hermann (Vice President) | NOT ON SITE (https://statutes.capitol.texas.gov/Docs/SD/htm/SD.3927.htm): 
structured_seat_unmapped,hospital,103227355,Electra Hospital District,7,7,2026,"Billy Don Clark (Member); Roger Sanford (Chairman); James Brockriede (Vice Chairman); Scott Swenson (Member); Jamie West (Boardmember); Stuart Smith (Member); John Prickett (Boardmember) | SEATS: place-1, place-2, place-3, place-4, place-5, place-6, place-7"
site_unverified,hospital,103227411,Muenster Hospital District,7,7,2026,Shane Clark (Member); Don Richardson (Member); Aaron Hess (Member); Rita Russell (Member); Ronnie Weinzapfel (Chairman); T.j. Walterscheid (Member); Lisa Schilling (Member) | NOT ON SITE (https://statutes.capitol.texas.gov/Docs/SD/htm/SD.1067.htm): 
site_unverified,esd,103227478,Harris County Emergency Services District #2,5,5,2026,Sonya Anderson (President); Earl Skank (Commissioner); Buster Gates (Commissioner); Charles Anthony (Secretary); Johnnie McClelland (Vice President) | NOT ON SITE (https://statutes.capitol.texas.gov/Docs/HS/htm/HS.775.htm#775.0345): 
site_roster_mismatch,esd,103227479,Harris County Emergency Services District #60,5,5,2026,Dale Langdon (Vice Pres-Treasurer); Daron McCaslin (President); James Collins (Treasurer); Don Nesbitt (Commissioner); Alfred A. Adams (Secretary) | NOT ON SITE (https://www.esd60.org): James Collins; Alfred A. Adams
site_unverified,hospital,103227485,Hopkins County Hospital District,7,7,2026,Kerrry Law (President); Christopher Brown (Vice President); Rosario Mejia (Board Member); Jo Bob Burgin (Board Member); Kristi Shultz (Board Member); David Black (Secretary); Tammy Wright (Board Member) | NOT ON SITE (https://statutes.capitol.texas.gov/Docs/SD/htm/SD.1043.htm): 
site_unverified,hospital,103227490,Ector County Hospital District,7,7,2026,Will Kappauf (Board Member); David Dunn (Board Member); Don Hallmark (Board Member); Wallace Dunn (Board Member); Sylvia Rodriguez (Board Member); Bryn Dodd (Board Member); Kathy Rhodes (Board Member) | NOT ON SITE (https://mchodessa.com): 
site_roster_mismatch,esd,103227496,Harris County Emergency Services District #25,5,5,2026,David Lindeen (Assistant Secretary); Vester Melancon (Vice President); Royce Sunday (President); Carol King McGee (Secretary); Shirley Cody (Treasurer) | NOT ON SITE (https://www.hcesd25.org): Shirley Cody
site_unverified,hospital,103227562,Swisher Memorial Hospital District,5,4,2026,Mike Goss (Vice Chair); Kyle Schmalzried (Chairman); Eric Rodriguez (Member); Toby Brown (Member) | NOT ON SITE (https://statutes.capitol.texas.gov/Docs/SD/htm/SD.1103.htm): 
site_roster_mismatch,hospital,103227590,Ballinger Memorial Hospital District,7,7,2026,Mike Dankworth (Chairperson); Bill Hunter (Vice-Chairperson); Bradley Bundrant (Member); Mark Atwood (Member); Elizabeth Zuniga (Member); Scott Studer (Member); Tyler Reasor (Member) | NOT ON SITE (https://www.ballingerhospital.org): Bradley Bundrant
stale,hospital,103227592,Seminole Hospital District,7,6,2024,Josie King (Trustee); Jay Youngblood (Trustee); Peter Gunther (Trustee); Lance Lovelady (Secretary); John Peters (Trustee); Quinton Garner (Trustee) | NOT ON SITE (https://www.seminolehospitaldistrict.com): Peter Gunther; John Peters
site_unverified,hospital,103227609,McCulloch County Hospital District,7,7,2025,Terry Keltz (Board Chairman); Susan Joliff (Director); Michelle Young-Derrick (Director); Orlando Rubio (Director); Rod Young (Director); Kyle Moseley (Director); Paden Behrens (Director) | NOT ON SITE (https://statutes.capitol.texas.gov/Docs/SD/htm/SD.1059.htm): 
site_roster_not_found,hospital,103227610,Montgomery County Hospital District,7,7,2026,Kelly Inman (Member); Chris Grice (Treasurer); Jason Walker (Member); Robert Hudson (Member); Bob Bagley (Vice-Chairman); Jackie Williams (Secretary); Charles Shirley (Chairman) | NOT ON SITE (https://mchd-tx.org): Kelly Inman; Chris Grice; Jason Walker; Robert Hudson; Bob Bagley; Jackie Williams; Charles Shirley
site_roster_not_found,hospital,103227611,Hemphill County Hospital District,5,5,2026,Whitney Jones (Member); Sharon Carr (Vice-President); Cory Pittman (President); Colby Leach (Member); Karen Gullett (Member) | NOT ON SITE (https://www.hchdst.org): Whitney Jones; Sharon Carr; Cory Pittman; Colby Leach; Karen Gullett
site_unverified,hospital,103227613,Baylor County Hospital District,7,7,2026,Krystal Butler (Board Secretary); Bobby Morrow (Board Member); John Michael Griffin (Board Member); Terry Bench (Board President); Juanima Kay Bradley (Board Member); Mark Nichols (Board Vice President); Vonda Archer (Board Member) | NOT ON SITE (https://statutes.capitol.texas.gov/Docs/SD/htm/SD.1005.htm): 
site_unverified,hospital,103227621,Reagan Hospital District,6,6,2025,Tracey McPhaul (Director); Melanie Baucom (Director); Shelbie McKay (Director); Robin Russell (Director); Heath Holt (Director); Reggie Aguilar (Director) | NOT ON SITE (https://www.reaganheatlh.com): 
site_unverified,hospital,103227640,Wood County Central Hospital District,7,7,2026,Jan Gorman (Secretary); Annette Simpkins (President); Kevan Burroughs (Director); Beverky Waddleton (Vice President); Kevin Cameron (Treasurer); Dr Paul Driver (Director); Orval Lindsey (Director) | NOT ON SITE (https://statutes.capitol.texas.gov/Docs/SD/htm/SD.1116.htm): 
site_roster_mismatch,esd,103227688,Harris County Emergency Services District #11,5,5,2026,Kofi Barkoh (Treasurer); Jared Adams (Secretary); George Peckham (Assistant Treasurer); Dorothy Dalton (Vice President); Karen Plummer (President) | NOT ON SITE (https://www.harriscountyesd11.gov): George Peckham; Dorothy Dalton
site_roster_mismatch,library,103227689,Lake Travis Community Library District,5,5,2026,Amy Holland (Secretary); Jim Bannerot (Trustee); Sharon Rogers (President); Pk Chatterjee (Treasurer); Tom Seidenstricker (Trustee) | NOT ON SITE (https://laketravislibrary.org): Jim Bannerot
site_unverified,esd,103227761,Harris County Emergency Services District #1,5,5,2026,Shirley Reed (Vice President); Virginia Bazan (Secretary); Pete Serna (Assistant Treasurer); Cathy Sunday (President); Fred Scibuola (Treasurer) | NOT ON SITE (https://statutes.capitol.texas.gov/Docs/HS/htm/HS.775.htm#775.0345): 
site_unverified,hospital,103227779,Lavaca Hospital District,7,7,2026,Rosanne Gallia (Vice-President); Carl Hobbs (Trustee); Doug Kubicek (Trustee); Gene Schott (Secretary); Forrest Kroschel (Trustee); Ronnie Juenke (Trustee); James Fenner (President) | NOT ON SITE (https://www.lavacamedicalcenter.com): 
headcount_under,hospital,103227945,Nacogdoches County Hospital District,7,5,2026,Philip Blackburn (President); John McLaren (Secretary); David Schaefer (Vice President); Hashim Ahammed (Member at Large); Rikki Leigh Willoughby (Member at Large)
site_unverified,esd,103228013,Caldwell Hays Emergency Services District #1,5,5,2026,Randy Schaefer (Vice-President); Skip Dorsett (Member at Large); Lisa Murphy (Member); Derek Herring (President); Karen Gallaher (Treasurer) | NOT ON SITE (https://caldwellhaysfire.org): 
site_unverified,mmd,103228022,University Hills Municipal Management District,5,5,2026,Michael Warner (Vice President); Alan Michlin (President); Matthew Kay (Secretary); Kenneth Medlock (Assistant Secretary); Jesse Brinkman (Assistant Secretary) | NOT ON SITE (https://www.winsteadspecialdistricts.com/dallas-county/university-hills-municipal-management-distric): 
site_unverified,mmd,103228064,SH130 Municipal Management District No. 1,5,5,2026,Garry Warren (Secretary); Michael Krusee (Director); Joe Williams (Vice President); William Tabbert (Treasurer); Ty Cunningham (President) | NOT ON SITE (https://statutes.capitol.texas.gov/Docs/SD/htm/SD.3971.htm): 
no_data,mmd,103228065,Gateway Park Municipal Management District,3,0,,
site_roster_mismatch,hospital,103228086,Big Bend Regional Hospital District,5,5,2026,Buddy Cavness (Mr.); Laura Portillo (Dr.); Valynda Henington (Ms); Angela Juett (Ms.); Reagan Reed (Mr.) | NOT ON SITE (https://www.bigbendhealth.org): Buddy Cavness
headcount_under,esd,103228117,Harris County Emergency Services District #20,5,4,2026,Johnnie Phoenix Aldridge (Secretary); Jody Pham Truong (Vice-President); Jane Guevara (Treasurer); Carmon Smith (President)
no_data,mmd,103228211,New Park Municipal Management District,5,0,,
no_data,mmd,103228213,Old Celina Municipal Management District No. 1,5,0,,
no_data,mmd,103228214,SoGood Cedars Municipal Management District,5,0,,
no_data,mmd,103228215,Sterrett Road Municipal Management District,5,0,,
no_data,mmd,103228216,Windsor Hills Municipal Management District No. 1,5,0,,
no_data,mmd,103228391,Prairie View Municipal Management District No. 1,5,0,,
no_data,mmd,103228429,Plum Creek Management District No. 1 of Liberty County,5,0,,
site_unverified,hospital,103228578,Sabine County Hospital District,5,5,2026,Tiffani Bradberry (President); Tellina Wright (Board Member); Byron Starr (Board Member); Robbie Hudspeth (Secretary); George Young (Vice President) | NOT ON SITE (https://statutes.capitol.texas.gov/Docs/SD/htm/SD.1092.htm): 
no_data,mmd,103228706,Craver Ranch Municipal Management District No. 1,5,0,,
