spd_id,type,name,status,spdpid_names_missing_from_site,site_url,note
103226498,esd,Bastrop-Travis Counties Emergency Services District #1,site_roster_mismatch,Damon Doss; Ramiro Garza,https://www.nbcfr.com,
103228013,esd,Caldwell Hays Emergency Services District #1,site_unverified,,https://caldwellhaysfire.org,
103228117,esd,Harris County Emergency Services District #20,ok,,https://hcesd20.org,
103225669,esd,Harris County Emergency Services District #4,site_roster_mismatch,Christy Graves; Wyatt Watkins,https://www.harriscountyesd4.com,
103225794,esd,Harris County Emergency Services District #14,ok,,https://www.hcesd14.net,
103227761,esd,Harris County Emergency Services District #1,site_unverified,,https://statutes.capitol.texas.gov/Docs/HS/htm/HS.775.htm#775.0345,
103227128,esd,Harris County Emergency Services District #10,ok,,https://www.hcesd10.org,
103227688,esd,Harris County Emergency Services District #11,site_roster_mismatch,George Peckham; Dorothy Dalton,https://www.harriscountyesd11.gov,
103226244,esd,Harris County Emergency Services District #12,ok,,https://www.hcesd12.net,
103225649,esd,Harris County Emergency Services District #13,site_unverified,,https://www.hcesd13.org,
103227505,esd,Harris County Emergency Services District #15,ok,,https://www.hcesd15.org,
103226775,esd,Harris County Emergency Services District #16,ok,,https://ww.hcesd16.org,
103226554,esd,Harris County Emergency Services District #17,ok,,https://www.littleyorkfd.com,
103227478,esd,Harris County Emergency Services District #2,site_unverified,,https://statutes.capitol.texas.gov/Docs/HS/htm/HS.775.htm#775.0345,
103226068,esd,Harris County Emergency Services District #21,ok,,https://www.hcesd21.org,
103226777,esd,Harris County Emergency Services District #24,site_unverified,,https://www.hcesd24.org,
103227496,esd,Harris County Emergency Services District #25,site_roster_mismatch,Shirley Cody,https://www.hcesd25.org,
103225633,esd,Harris County Emergency Services District #28,site_roster_not_found,Edson Dronberger; Erika Smiley; Shirley Jauma; Ken Koenig; Mike Jenkins,https://www.esd28.com,5 of 5 SPDPID names absent -- crawl likely missed the roster page
103227360,esd,Harris County Emergency Services District #29,ok,,https://championsfire.org/,
103225665,esd,Harris County Emergency Services District #3,site_roster_mismatch,Harold McDonald,https://www.hcesd3.org,
103227357,esd,Harris County Emergency Services District #46,ok,,https://www.esd46.org,
103225844,esd,Harris County Emergency Services District #47,site_roster_not_found,Michael Miller; Mitchell Copeland; Gilberto Porras; Louis Rando,https://www.hcesd47.com,4 of 5 SPDPID names absent -- crawl likely missed the roster page
103227503,esd,Harris County Emergency Services District #48,ok,,https://www.hcesd48.org,
103225670,esd,Harris County Emergency Services District #5,ok,,https://www.hcesd5.org,
103226317,esd,Harris County Emergency Services District #50,ok,,http://www.channelviewfire.com,
103225614,esd,Harris County Emergency Services District #6,ok,,https://HarrisCountyESD6.com,
103227479,esd,Harris County Emergency Services District #60,site_roster_mismatch,James Collins; Alfred A. Adams,https://www.esd60.org,
103226783,esd,Harris County Emergency Services District #7,site_roster_not_found,Jessica Babendure; David Mills; Melanie Gander; Jonathan Zitzmann; Bob Schmanski,https://www.hcesd7.org,5 of 5 SPDPID names absent -- crawl likely missed the roster page
103225668,esd,Harris County Emergency Services District #75,site_roster_mismatch,Leslie McDonald,https://www.hcesd75.org,
103227127,esd,Harris County Emergency Services District #8,ok,,https://www.hcesd8.com,
103227131,esd,Harris County Emergency Services District #80,ok,,https://www.hcesd80.org,
103226555,esd,Harris County Emergency Services District #9,site_unverified,,https://www.hcesd9.org,
103226163,esd,Harris-Fort Bend Emergency Services District #100,ok,,https://www.esd100.org,
103226073,esd,Orange County Emergency Services District #1,ok,,https://ocesd1.com,
103226768,esd,Orange County Emergency Services District #2,site_roster_not_found,Christopher Landry; Glen Childers; Wesley Arnold; Carroll LeBlanc; Scott Barnes,https://ocesd2.org/,5 of 5 SPDPID names absent -- crawl likely missed the roster page
103228362,esd,Orange County Emergency Services District #4,ok,,https://ocesd4.com,
103225625,esd,Smith County Emergency Services District #1,site_roster_not_found,Owen Scott; Carolyn Todd; Cory Crowell; Louie Brown; Charles Froebe,https://Safe-d.org,5 of 5 SPDPID names absent -- crawl likely missed the roster page
103226737,esd,Smith County Emergency Services District #2,ok,Scotty Thorton,https://smithcountyfire.org,"hand-cleared: SPDPID ""Scotty Thorton"" = site ""Scotty W. Thornton"" (spelling variant)"
103228328,esd,Utopia Vanderpool Emergency Services District #1,ok,,https://uvesd1.org,
103225694,hospital,Angleton-Danbury Hospital District,ok,,https://angletondanburyhospitaldistrict.org,
103227590,hospital,Ballinger Memorial Hospital District,site_roster_mismatch,Bradley Bundrant,https://www.ballingerhospital.org,
103227613,hospital,Baylor County Hospital District,site_unverified,,https://statutes.capitol.texas.gov/Docs/SD/htm/SD.1005.htm,
103228086,hospital,Big Bend Regional Hospital District,site_roster_mismatch,Buddy Cavness,https://www.bigbendhealth.org,
103227211,hospital,Fairfield Hospital District,site_unverified,,https://statutes.capitol.texas.gov/Docs/SD/htm/SD.1015.htm,
103226395,hospital,Concho County Hospital District,site_unverified,,https://statutes.capitol.texas.gov/Docs/SD/htm/SD.1016.htm,
103227270,hospital,Culberson County Hospital District,site_unverified,,https://statutes.capitol.texas.gov/Docs/SD/htm/SD.1017.htm,
103226734,hospital,Darrouzett Hospital District,site_unverified,,https://statutes.capitol.texas.gov/Docs/SD/htm/SD.1019.htm,
103226502,hospital,Deaf Smith County Hospital District,site_roster_not_found,CHRIS WOODARD; TANNER BLACK; Kevin Bunch; Carla Purcella; Tim Laws; Troyce Sturgess; Robert DeLaCruz,https://dschd.org,7 of 7 SPDPID names absent -- crawl likely missed the roster page
103225718,hospital,Donley County Hospital District,site_unverified,,https://statutes.capitol.texas.gov/Docs/SD/htm/SD.1021.htm,
103227232,hospital,Eastland Memorial Hospital District,site_roster_mismatch,Carolyn White; Rebecca Galyean; Kelly Skinner,https://eastlandmemorial.com,
103227490,hospital,Ector County Hospital District,site_unverified,,https://mchodessa.com,
103227355,hospital,Electra Hospital District,ok,,https://www.electrahospital.com,
103226456,hospital,Fisher County Hospital District,site_roster_not_found,Beverly Rister; Sarah McLen; CleDon Coffman; Marcus Reid Cave; Terry Coker,https://fishercountyhospital.com,5 of 5 SPDPID names absent -- crawl likely missed the roster page
103226389,hospital,Frio Hospital District,ok,,https://www.frioregionalhospital.com/,
103225920,hospital,Garza County Health Care District,site_unverified,,https://statutes.capitol.texas.gov/Docs/SD/htm/SD.1031.htm,
103225835,hospital,Gonzales Healthcare Systems,site_roster_mismatch,Wayne South; Sascha Kardoza,https://www.gonzaleshealthcare.com,
103227611,hospital,Hemphill County Hospital District,site_roster_not_found,Whitney Jones; Sharon Carr; Cory Pittman; Colby Leach; Karen Gullett,https://www.hchdst.org,5 of 5 SPDPID names absent -- crawl likely missed the roster page
103227485,hospital,Hopkins County Hospital District,site_unverified,,https://statutes.capitol.texas.gov/Docs/SD/htm/SD.1043.htm,
103225728,hospital,Hunt Memorial Hospital District,site_roster_mismatch,Scott Pierce; William Helton; Janet Peek,https://www.huntregional.org,
103225833,hospital,Jackson County Hospital District,site_unverified,,https://jchd.org,
103226880,hospital,Karnes County Hospital District,site_roster_not_found,Rita Jordan; Wilfred Dziuk; Richard Robinson; Ray Rossett; David Purser; Margie Tamez; Gretchen Dupnik,https://www.okmh.org,7 of 7 SPDPID names absent -- crawl likely missed the roster page
103226888,hospital,Kimble County Hospital District,site_unverified,,https://statutes.capitol.texas.gov/Docs/SD/htm/SD.1049.htm,
103225860,hospital,Knox County Hospital District,site_unverified,,https://statutes.capitol.texas.gov/Docs/SD/htm/SD.1050.htm,
103227779,hospital,Lavaca Hospital District,site_unverified,,https://www.lavacamedicalcenter.com,
103226672,hospital,Lockney General Hospital District,site_roster_not_found,Becky McPherson; D'Lyn Morris; Zach Cummings; Brent Barker,https://www.mangoldmemorial.org,4 of 5 SPDPID names absent -- crawl likely missed the roster page
103226443,hospital,Lynn County Hospital District,site_unverified,,https://lchdhealthcare.org,
103225520,hospital,Marion County Hospital District,site_unverified,,https://statutes.capitol.texas.gov/Docs/SD/htm/SD.1055.htm,
103225852,hospital,McCamey County Hospital District,ok,,https://www.mccameyhospital.org,
103227609,hospital,McCulloch County Hospital District,site_unverified,,https://statutes.capitol.texas.gov/Docs/SD/htm/SD.1059.htm,
103227212,hospital,Menard County Hospital District,site_unverified,,https://statutes.capitol.texas.gov/Docs/SD/htm/SD.1060.htm,
103225556,hospital,Midland County Hospital District,ok,,https://www.midlandhealth.org,
103227064,hospital,Mitchell County Hospital District,site_roster_not_found,Donna Goebel; Maria Rubio; Helen Edwards; Richy Womack; Henryk Olstowski; Kaleb Jackson; Marsha Rickard,https://WWW.MITCHELLCOUNTYHOSPITAL.COM,7 of 7 SPDPID names absent -- crawl likely missed the roster page
103227610,hospital,Montgomery County Hospital District,site_roster_not_found,Kelly Inman; Chris Grice; Jason Walker; Robert Hudson; Bob Bagley; Jackie Williams; Charles Shirley,https://mchd-tx.org,7 of 7 SPDPID names absent -- crawl likely missed the roster page
103227411,hospital,Muenster Hospital District,site_unverified,,https://statutes.capitol.texas.gov/Docs/SD/htm/SD.1067.htm,
103226550,hospital,Muleshoe Area Hospital District,site_unverified,,https://statutes.capitol.texas.gov/Docs/SD/htm/SD.1068.htm,
103227945,hospital,Nacogdoches County Hospital District,ok,,https://www.nachd.org/,
103226566,hospital,Ochiltree County Hospital District,ok,,https://www.ochiltreehospital.com,
103226950,hospital,Comanche County Consolidated Hospital District,site_unverified,,https://statutes.capitol.texas.gov/Docs/SD/htm/SD.1074.htm,
103225518,hospital,Stamford Hospital District,site_roster_mismatch,Jim Astin,https://www.stamfordhosp.com,
103227185,hospital,Houston County Hospital District,site_unverified,,https://statutes.capitol.texas.gov/Docs/SD/htm/SD.1078.htm,
103225847,hospital,Jack County Hospital District,site_roster_mismatch,Larry Hopwood,https://fchtexas.com,
103225528,hospital,Nocona Hospital District,site_roster_mismatch,Ronald Brown; De Brown,https://www.noconageneral.com,
103225679,hospital,North Wheeler County Hospital District,site_unverified,,https://statutes.capitol.texas.gov/Docs/SD/htm/SD.1083.htm,
103226368,hospital,Rankin County Hospital District,site_roster_not_found,Paul Prewozniak; Tracy Clanton; Andrea Garza; Linda Dusek; Wilson Marshall,https://rankinhospital.org,5 of 5 SPDPID names absent -- crawl likely missed the roster page
103227621,hospital,Reagan Hospital District,site_unverified,,https://www.reaganheatlh.com,
103225608,hospital,Refugio County Memorial Hospital District,ok,,https://refugiohospital.com,
103228578,hospital,Sabine County Hospital District,site_unverified,,https://statutes.capitol.texas.gov/Docs/SD/htm/SD.1092.htm,
103227592,hospital,Seminole Hospital District,site_roster_mismatch,Peter Gunther; John Peters,https://www.seminolehospitaldistrict.com,
103225873,hospital,South Limestone Hospital District,site_roster_mismatch,Glenda O'Neal,http://groesbeckhospital.com/,
103226241,hospital,Stonewall County Hospital District,site_roster_mismatch,Claire Clarke,https://stonewallhospital.org,
103225565,hospital,Sutton County Hospital District,ok,,https://www.sonora-hospital.org,
103227562,hospital,Swisher Memorial Hospital District,site_unverified,,https://statutes.capitol.texas.gov/Docs/SD/htm/SD.1103.htm,
103225648,hospital,Terry Memorial Hospital District,site_roster_not_found,Justin Hesse; Brian Paiva; June Cooper; Joe Silva; Jeffrey Davis; Charles Nave; Kelli Mendez,https://www.brownfield-rmc.org,7 of 7 SPDPID names absent -- crawl likely missed the roster page
103225684,hospital,Trinity Memorial Hospital District,ok,,https://trinitymemorialhospitaldistrict.org,
103225688,hospital,Wilbarger County Hospital District,site_roster_mismatch,Walter David Worrall,https://www.wghospital.com,
103225736,hospital,Willacy County Hospital District,site_roster_mismatch,"Michelle Rodriguez-Zamarron, RN-BSN",https://willchd.org,
103225702,hospital,Wilson County Memorial Hospital District,ok,,https://www.connallymmc.org,
103227640,hospital,Wood County Central Hospital District,site_unverified,,https://statutes.capitol.texas.gov/Docs/SD/htm/SD.1116.htm,
103225627,hospital,Yoakum Hospital District,site_unverified,,https://statutes.capitol.texas.gov/Docs/SD/htm/SD.1117.htm,
103225703,hospital,Somervell County Hospital District,site_roster_not_found,MARGARET DRAKE; Max Bly; MARY COLLIER; Tracy Byers; RON HANKINS; JOE CATHEY,https://glenrosemedicalcenter.com,6 of 7 SPDPID names absent -- crawl likely missed the roster page
103225545,hospital,Chambers County Public Hospital District No. 1,ok,,https://www.chambershealth.org,
103225923,hospital,Winnie-Stowell Hospital District,ok,,http://wshd-tx.org/,
103225995,hospital,Medina County Hospital District,ok,,https://www.medinahospital.net,
103226603,hospital,Coleman County Medical Center Hospital District,site_roster_not_found,James Pelton; Danyelle Hemphill; Deborah Long; Manuel Salazar; Mary Griffis; Sarah Beal; Marvin Hale,https://colemancountymc.com,7 of 7 SPDPID names absent -- crawl likely missed the roster page
103226992,hospital,Dimmit Regional Hospital District,site_roster_mismatch,Ricardo Martinez Jr; Alfredo Castaneda Jr.,https://www.dimmitregional.com,
103226198,levee,Fort Bend County Levee Improvement District No. 6,ok,,https://www.fblid6.org,
103226271,levee,Fort Bend County Levee Improvement District No. 15,ok,,https://www.fblid15.com,
103225953,levee,Fort Bend County Levee Improvement District No. 19,ok,,https://www.fblid19.com,
103228322,library,Benbrook Library District,ok,,https://www.benbrooklibrary.org,
103226935,library,Blanco County South Library District,ok,,https://www.blancolibrary.org,
103225763,library,Canyon Lake Community Library District,site_roster_mismatch,Charlie Khan,https://www.tpml.org,
103225589,library,Dripping Springs Community Library District,site_roster_mismatch,Marcie Cochran,https://www.dscl.org,
103227767,library,East Travis Gateway Library District,ok,,https://www.dvlibraries.org,
103227689,library,Lake Travis Community Library District,site_roster_mismatch,Jim Bannerot,https://laketravislibrary.org,
103227790,library,Timpson Public Library District,ok,,https://www.timpsonlibrary.org,
103225698,library,Wells Branch Community Library District,ok,,https://www.wblibrary.org,
103225533,library,Westbank Community Library District,ok,,https://www.westbanklibrary.com,
103227735,library,Salado Public Library District,ok,,https://saladolibrary.org,
103228706,mmd,Craver Ranch Municipal Management District No. 1,no_spdpid_rows,,https://www.winsteadspecialdistricts.com/denton-county/craver-ranch-municipal-management-district-no,
103227281,mmd,Fort Bend County Municipal Management District No. 1,site_unverified,,https://statutes.capitol.texas.gov/Docs/SD/htm/SD.3927.htm,
103228065,mmd,Gateway Park Municipal Management District,no_spdpid_rows,,https://www.winsteadspecialdistricts.com/wharton-county/gateway-park-municipal-management-district/,
103226017,mmd,Generation Park Management District,site_unverified,,https://statutes.capitol.texas.gov/Docs/SD/htm/SD.3916.htm,
103226974,mmd,Joshua Farms Municipal Management District No. 1,site_unverified,,https://www.winsteadspecialdistricts.com/johnson-county/joshua-farms-municipal-management-district-n,
103226976,mmd,Joshua Farms Municipal Management District No. 2,no_spdpid_rows,,https://www.winsteadspecialdistricts.com/johnson-county/joshua-farms-municipal-management-district-n,
103228211,mmd,New Park Municipal Management District,no_spdpid_rows,,https://www.winsteadspecialdistricts.com/dallas-county/new-park-municipal-management-district/,
103228213,mmd,Old Celina Municipal Management District No. 1,no_spdpid_rows,,https://www.winsteadspecialdistricts.com/collin-county/old-celina-municipal-management-district-no-1,
103228429,mmd,Plum Creek Management District No. 1 of Liberty County,no_spdpid_rows,,https://statutes.capitol.texas.gov/Docs/SD/htm/SD.3982.htm,
103226977,mmd,Prairie Ridge Municipal Management District No. 1,no_spdpid_rows,,https://statutes.capitol.texas.gov/Docs/SD/htm/SD.3954.htm,
103228391,mmd,Prairie View Municipal Management District No. 1,no_spdpid_rows,,https://www.winsteadspecialdistricts.com/potter-county/prairie-view-municipal-management-district-no,
103228064,mmd,SH130 Municipal Management District No. 1,site_unverified,,https://statutes.capitol.texas.gov/Docs/SD/htm/SD.3971.htm,
103228214,mmd,SoGood Cedars Municipal Management District,no_spdpid_rows,,https://www.winsteadspecialdistricts.com/dallas-county/sogood-cedars-municipal-management-district/,
103228215,mmd,Sterrett Road Municipal Management District,no_spdpid_rows,,https://www.winsteadspecialdistricts.com/ellis-county/sterrett-road-municipal-management-district/,
103228022,mmd,University Hills Municipal Management District,site_unverified,,https://www.winsteadspecialdistricts.com/dallas-county/university-hills-municipal-management-distric,
103226955,mmd,Vineyard Municipal Management District No. 1,no_spdpid_rows,,https://www.winsteadspecialdistricts.com/williamson-county/vineyard-municipal-management-district-no,
103228216,mmd,Windsor Hills Municipal Management District No. 1,no_spdpid_rows,,https://www.winsteadspecialdistricts.com/ellis-county/windsor-hills-municipal-management-district-no,
103226770,mmd,Viridian Municipal Management District,site_roster_mismatch,Michelle Deuell,https://viridianmmd.com,
